시설종류,대상시설명,소재지도로명주소,소재지지번주소,위도,경도,관리기관명,관할경찰서명,CCTV설치여부,CCTV설치대수,보호구역도로폭,데이터기준일자
초등학교,삼덕초등학교,부산광역시 사상구 삼덕로 24 (삼락동),,35.17416851,128.9785507,부산광역시 사상구청,사상경찰서,Y,3,,2023-12-07
유치원,삼덕초등학교병설유치원,부산광역시 사상구 삼덕로 24 (삼락동),,35.17410428,128.9785507,부산광역시 사상구청,사상경찰서,Y,3,,2023-12-07
초등학교,모라초등학교,부산광역시 사상구 모라로64번길 46 (모라동),,35.19004594,128.9864313,부산광역시 사상구청,사상경찰서,Y,3,,2023-12-07
초등학교,모덕초등학교,부산광역시 사상구 덕상로 120 (모라동),,35.18270148,128.9919381,부산광역시 사상구청,사상경찰서,Y,1,,2023-12-07
유치원,모덕초등학교병설유치원,부산광역시 사상구 덕상로 120 (모라동),,35.18270148,128.9919381,부산광역시 사상구청,사상경찰서,Y,1,,2023-12-07
유치원,모덕유치원,부산광역시 사상구 덕상로 85 (덕포동),,35.17907248,128.9892673,부산광역시 사상구청,사상경찰서,Y,1,,2023-12-07
유치원,"초록유치원(구,동백유치원)",부산광역시 사상구 백양대로 880 (모라동),,35.18311269,128.9912801,부산광역시 사상구청,사상경찰서,Y,1,,2023-12-07
초등학교,모동초등학교,부산광역시 사상구 모라로192번길 37 (모라동),,35.18522962,129.0018982,부산광역시 사상구청,사상경찰서,Y,2,,2023-12-07
유치원,모동초등학교병설,부산광역시 사상구 모라로192번길 37 (모라동),,35.18523013,129.0018982,부산광역시 사상구청,사상경찰서,Y,2,,2023-12-07
유치원,아름솔유치원,부산광역시 사상구 모라로192번길 32 (모라동),,35.1844609,129.0013929,부산광역시 사상구청,사상경찰서,Y,2,,2023-12-07
초등학교,모산초등학교,부산광역시 사상구 모라로110번길 93 (모라동),,35.18571631,128.9952076,부산광역시 사상구청,사상경찰서,Y,1,,2023-12-07
어린이집,모라어린이집,"부산광역시 사상구 모라로110번길 129(모라동, 모라종합사회복지관)",,35.18494335,128.9978757,부산광역시 사상구청,사상경찰서,Y,1,,2023-12-07
초등학교,덕포초등학교,부산광역시 사상구 삼덕로 83 (덕포동),,35.17393127,128.9860524,부산광역시 사상구청,사상경찰서,Y,4,,2023-12-07
초등학교,덕상초등학교,부산광역시 사상구 덕상로 39 (덕포동),,35.1748859,128.9897236,부산광역시 사상구청,사상경찰서,Y,4,,2023-12-07
유치원,은하자연유치원,부산광역시 사상구 백양대로768번길 63-24 (덕포동),,35.1739467,128.9925819,부산광역시 사상구청,사상경찰서,Y,4,,2023-12-07
어린이집,은하자연어린이집,부산광역시 사상구 백양대로768번길 63-24 (덕포동),,35.1739467,128.9925819,부산광역시 사상구청,사상경찰서,Y,4,,2023-12-07
유치원,덕포한샘유치원,부산광역시 사상구 백양대로768번길 63-6 (덕포동),,35.17410058,128.9915902,부산광역시 사상구청,사상경찰서,Y,4,,2023-12-07
초등학교,사상초등학교,부산광역시 사상구 운산로 65 (덕포동),,35.16761073,128.9828363,부산광역시 사상구청,사상경찰서,Y,7,,2023-12-07
유치원,사상초등학교병설유치원,부산광역시 사상구 운산로 65 (덕포동),,35.16761073,128.9828348,부산광역시 사상구청,사상경찰서,Y,5,,2023-12-07
어린이집,부산근로복지공단어린이집,부산광역시 사상구 사상로 255 (괘법동),,35.1674319,128.9816774,부산광역시 사상구청,사상경찰서,Y,5,,2023-12-07
초등학교,괘법초등학교,부산광역시 사상구 사상로161번길 8 (괘법동),,35.16018215,128.9857978,부산광역시 사상구청,사상경찰서,Y,2,,2023-12-07
초등학교,창진초등학교,부산광역시 사상구 사상로223번길 100 (괘법동),,35.16617253,128.9778864,부산광역시 사상구청,사상경찰서,Y,1,,2023-12-07
유치원,괘법한신유치원,부산광역시 사상구 낙동대로1210번길 33 (괘법동),,35.16797093,128.9784305,부산광역시 사상구청,사상경찰서,Y,5,,2023-12-07
초등학교,감전초등학교,부산광역시 사상구 괘감로 132 (감전동),,35.15574588,128.9886679,부산광역시 사상구청,사상경찰서,Y,1,,2023-12-07
유치원,감전초등학교병설유치원,부산광역시 사상구 괘감로 132 (감전동),,35.15574588,128.9886679,부산광역시 사상구청,사상경찰서,Y,4,,2023-12-07
초등학교,서감초등학교,부산광역시 사상구 괘감로 64 (감전동),,35.1578108,128.9820842,부산광역시 사상구청,사상경찰서,Y,1,,2023-12-07
유치원,서감초등학교병설유치원,부산광역시 사상구 괘감로 64 (감전동),,35.15783782,128.9820849,부산광역시 사상구청,사상경찰서,Y,4,,2023-12-07
유치원,감전샛별유치원,부산광역시 사상구 괘감로 77(괘법동),,35.1586848,128.9832326,부산광역시 사상구청,사상경찰서,Y,4,,2023-12-07
어린이집,성광어린이집,부산광역시 사상구 새벽시장로63번길 57 (감전동),,35.15761936,128.9810064,부산광역시 사상구청,사상경찰서,Y,4,,2023-12-07
초등학교,주학초등학교,부산광역시 사상구 가야대로366번길 120 (주례동),,35.14606624,129.0121591,부산광역시 사상구청,사상경찰서,Y,2,,2023-12-07
초등학교,엄궁초등학교,부산광역시 사상구 엄궁로191번길 23 (엄궁동),,35.1291981,128.9743982,부산광역시 사상구청,사상경찰서,Y,6,,2023-12-07
유치원,가람유치원,부산광역시 사상구 엄궁로191번길 20 (엄궁동),,35.1291437,128.9734755,부산광역시 사상구청,사상경찰서,Y,6,,2023-12-07
초등학교,학진초등학교,부산광역시 사상구 대동로 34-16 (엄궁동),,35.133048,128.9751453,부산광역시 사상구청,사상경찰서,Y,1,,2023-12-07
초등학교,동궁초등학교,부산광역시 사상구 엄궁로 70-7 (엄궁동),,35.12346124,128.9748128,부산광역시 사상구청,사상경찰서,Y,1,,2023-12-07
유치원,엄궁한신유치원,부산광역시 사상구 엄궁로 40 (엄궁동),,35.12452472,128.9691928,부산광역시 사상구청,사상경찰서,Y,6,,2023-12-07
유치원,엄궁누리유치원,부산광역시 사상구 엄궁로 119 (엄궁동),,35.1262195,128.9770668,부산광역시 사상구청,사상경찰서,Y,1,,2023-12-07
초등학교,학장초등학교,부산광역시 사상구 대동로 205 (학장동),,35.14619209,128.9845724,부산광역시 사상구청,사상경찰서,Y,2,,2023-12-07
초등학교,구학초등학교,부산광역시 사상구 학감대로 49 (학장동),,35.13776229,128.9922143,부산광역시 사상구청,사상경찰서,Y,2,,2023-12-07
유치원,으뜸유치원,부산광역시 사상구 학감대로49번길 28-7 (학장동),,35.1369017,128.9921913,부산광역시 사상구청,사상경찰서,Y,2,,2023-12-07
유치원,사랑유치원,부산광역시 사상구 학감대로49번길 73 (학장동),,35.13499189,128.993135,부산광역시 사상구청,사상경찰서,Y,2,,2023-12-07
초등학교,동주초등학교,부산광역시 사상구 가야대로306번길 72 (주례동),,35.14713311,129.0055483,부산광역시 사상구청,사상경찰서,Y,4,,2023-12-07
유치원,동성럭키유치원,부산광역시 사상구 주례로 114 (주례동),,35.1465353,129.0040737,부산광역시 사상구청,사상경찰서,Y,4,,2023-12-07
초등학교,주양초등학교,부산광역시 사상구 백양대로 372-6 (주례동),,35.15368152,129.0121068,부산광역시 사상구청,사상경찰서,Y,1,,2023-12-07
초등학교,주감초등학교,부산광역시 사상구 양지로 48 (주례동),,35.15391434,129.0014957,부산광역시 사상구청,사상경찰서,Y,2,,2023-12-07
특수학교,솔빛학교,부산광역시 사상구 삼덕로5번길 171 (삼락동),,35.18174307,128.9787134,부산광역시 사상구청,사상경찰서,Y,1,,2023-12-07
유치원,경남정보대부속유치원,부산광역시 사상구 주례로 57 (주례동),,35.1463089,129.0096154,부산광역시 사상구청,사상경찰서,Y,1,,2023-12-07
유치원,리라유치원,부산광역시 사상구 낙동대로 778-9 (엄궁동),,35.1299219,128.9721871,부산광역시 사상구청,사상경찰서,Y,1,,2023-12-07
유치원,명성유치원,부산광역시 사상구 학장로216번길 3 (학장동),,35.1438885,128.9902714,부산광역시 사상구청,사상경찰서,Y,2,,2023-12-07
유치원,무덕유치원,부산광역시 사상구 냉정로 78 (주례동),,35.14905235,129.0084996,부산광역시 사상구청,사상경찰서,Y,2,,2023-12-07
유치원,버클리명문유치원,부산광역시 사상구 백양대로342번길 16 (주례동),,35.1547982,129.0157386,부산광역시 사상구청,사상경찰서,Y,1,,2023-12-07
어린이집,아진어린이집,부산광역시 사상구 냉정로 78 (주례동),,35.14905235,129.0084996,부산광역시 사상구청,사상경찰서,Y,1,,2023-12-07
유치원,벧엘유치원,부산광역시 사상구 백양대로902번길 42 (모라동),,35.1872871,128.9926857,부산광역시 사상구청,사상경찰서,Y,1,,2023-12-07
유치원,"한빛유치원(구, 새한빛어린이집)",부산광역시 사상구 엄궁중로 20 (엄궁동),,35.1264434,128.9706313,부산광역시 사상구청,사상경찰서,Y,1,,2023-12-07
어린이집,청솔어린이집,부산광역시 사상구 대동로107번길 9-3 (학장동),,35.13941081,128.9788711,부산광역시 사상구청,사상경찰서,Y,2,,2023-12-07
유치원,부산유치원,부산광역시 사상구 대동로 110-13 (학장동),,35.13871031,128.9802672,부산광역시 사상구청,사상경찰서,Y,2,,2023-12-07
유치원,노아유치원,부산광역시 사상구 대동로159번길 73 (학장동),,35.1406152,128.9799207,부산광역시 사상구청,사상경찰서,Y,2,,2023-12-07
유치원,반도보라유치원,부산광역시 사상구 대동로 98 (학장동),,35.13729145,128.9791721,부산광역시 사상구청,사상경찰서,Y,2,,2023-12-07
어린이집,엄궁한빛어린이집,부산광역시 사상구 엄궁남로 17 (엄궁동),,35.1255406,128.9698875,부산광역시 사상구청,사상경찰서,Y,2,,2023-12-07
어린이집,주례고운어린이집,부산광역시 사상구 동주로 2-11 (주례동),,35.14779902,128.9990649,부산광역시 사상구청,사상경찰서,Y,2,,2023-12-07
어린이집,한솔어린이집,부산광역시 사상구 모덕로 82 (덕포동),,35.18091206,128.9852421,부산광역시 사상구청,사상경찰서,Y,1,,2023-12-07
유치원,성광유치원,부산광역시 사상구 새벽시장로63번길 57 (감전동),,35.15761936,128.9810064,부산광역시 사상구청,사상경찰서,Y,4,,2023-12-07
어린이집,이화어린이집,부산광역시 사하구 사하로 74-2(감천동),부산광역시 사하구 감천동 803-17,35.088587,128.994957,부산광역시 사하구청,사하경찰서,N,0,4,2023-07-01
어린이집,대지어린이집,부산광역시 사하구 감천로 67번길 2(감천동),부산광역시 사하구 감천동 636,35.09070448,128.9996875,부산광역시 사하구청,사하경찰서,N,0,4,2023-07-01
어린이집,진성어린이집,부산광역시 사하구 오작로88번길 32(괴정동),부산광역시 사하구 괴정동 352-36,35.100464,129.003632,부산광역시 사하구청,사하경찰서,N,0,10,2023-07-01
어린이집,다대포어린이집,부산광역시 사하구 윤공단로75번길 22(다대동),부산광역시 사하구 다대동 1030-3,35.058683,128.967382,부산광역시 사하구청,사하경찰서,N,0,4,2023-07-01
어린이집,다송어린이집,부산광역시 사하구 다대로429번길 25(다대동),부산광역시 사하구 다대동 120-28,35.063766,128.9817993,부산광역시 사하구청,사하경찰서,N,0,12,2023-07-01
유치원,바다유치원,부산광역시 사하구 다송로68번길 30(다대동),부산광역시 사하구 다대동 1577-1,35.0614437,128.9823045,부산광역시 사하구청,사하경찰서,Y,2,8,2023-07-01
어린이집,햇님어린이집,부산광역시 사하구 승학로 31번길 1(당리동),부산광역시 사하구 당리동 309-5,35.106979,128.972764,부산광역시 사하구청,사하경찰서,Y,1,8,2023-07-01
어린이집,아트센터어린이집,부산광역시 사하구 제석로 81(당리동),부산광역시 사하구 당리동 45,35.10760057,128.976228,부산광역시 사하구청,사하경찰서,N,0,9,2023-07-01
어린이집,YWCA어린이집,부산광역시 사하구 다대로 277번길 96(장림동),부산광역시 사하구 장림동 26-2,35.075733,128.9810851,부산광역시 사하구청,사하경찰서,N,0,7,2023-07-01
어린이집,장림(구 사하삼성)어린이집,부산광역시 사하구 장림번영로28번길 33(장림동),부산광역시 사하구 장림동 615-21,35.079165,128.9679306,부산광역시 사하구청,사하경찰서,N,0,6,2023-07-01
어린이집,무지개어린이집,부산광역시 사하구 하신중앙로3번길 34(장림동),부산광역시 사하구 장림동 971-3,35.07849421,128.9615817,부산광역시 사하구청,사하경찰서,N,0,6,2023-07-01
어린이집,하단어린이집,부산광역시 사하구 괴정로 6(하단동),부산광역시 사하구 하단동 608-14,35.103943,128.9650945,부산광역시 사하구청,사하경찰서,N,0,7,2023-07-01
초등학교,중현초등학교,부산광역시 사하구 다대낙조 2길 8(다대동),부산광역시 사하구 다대동 1550-4,35.05112342,128.9664633,부산광역시 사하구청,사하경찰서,N,0,14,2023-07-01
초등학교,다송초등학교,부산광역시 사하구 다대로 381번길 17(다대동),부산광역시 사하구 다대동 93,35.06932612,128.9798387,부산광역시 사하구청,사하경찰서,N,0,8,2023-07-01
초등학교,다선초등학교,부산광역시 사하구 다송로 57(다대동),부산광역시 사하구 다대동 3,35.0630016,128.9856791,부산광역시 사하구청,사하경찰서,N,0,8,2023-07-01
초등학교,몰운대초등학교,부산광역시 사하구 다대낙조 2길 110(다대동),부산광역시 사하구 다대동 1633,35.05504897,128.963185,부산광역시 사하구청,사하경찰서,N,0,10,2023-07-01
초등학교,낙동초등학교,부산광역시 사하구 제석로 41(당리동),부산광역시 사하구 당리동 313-6,35.10548131,128.972348,부산광역시 사하구청,사하경찰서,Y,1,7,2023-07-01
초등학교,당리초등학교,부산광역시 사하구 다대로 22번길 12(당리동),부산광역시 사하구 당리동 511,35.09991519,128.9756921,부산광역시 사하구청,사하경찰서,N,0,13,2023-07-01
초등학교,사동초등학교,부산광역시 사하구 승학로 129-2(당리동),부산광역시 사하구 당리동 467-6,35.10450283,128.9806235,부산광역시 사하구청,사하경찰서,N,0,6,2023-07-01
초등학교,신촌초등학교,부산광역시 사하구 다대로 135번길 34-2(신평동),부산광역시 사하구 신평동 39,35.0912092,128.9796992,부산광역시 사하구청,사하경찰서,Y,1,6,2023-07-01
초등학교,신남초등학교,부산광역시 사하구 비봉로 88(하단동),부산광역시 사하구 하단동 870-302,35.09835611,128.9615995,부산광역시 사하구청,사하경찰서,N,0,5,2023-07-01
초등학교,보림초등학교,부산광역시 사하구 장림로 161번길 20(장림동),부산광역시 사하구 장림동 1137,35.08401561,128.9674324,부산광역시 사하구청,사하경찰서,N,0,7,2023-07-01
유치원,하남초등학교 병설유치원,부산광역시 사하구 하신번영로 186(하단동),부산광역시 사하구 하단동 1181-25,35.09953083,128.960002,부산광역시 사하구청,사하경찰서,N,0,5,2023-07-01
특수학교,부산천사의학교,부산광역시 사하구 오작로88번길 30(괴정동),부산광역시 사하구 괴정동 352-116,35.10072107,129.0036736,부산광역시 사하구청,사하경찰서,N,0,8,2023-07-01
어린이집,감천파랑새어린이집,부산광역시 사하구 감천로73번길 8(감천동),부산광역시 사하구 감천동 500-102,35.089977,129.0004764,부산광역시 사하구청,사하경찰서,N,0,6,2023-07-01
초등학교,장림초등학교,부산광역시 사하구 장림번영로 103번길 10(장림동),부산광역시 사하구 장림동 182,35.08216968,128.9765357,부산광역시 사하구청,사하경찰서,N,0,11,2023-07-01
초등학교,효림초등학교,부산광역시 사하구 장평로 106(장림동),부산광역시 사하구 장림동 394,35.07537835,128.9741005,부산광역시 사하구청,사하경찰서,N,0,16,2023-07-01
초등학교,하단초등학교,부산광역시 사하구 하신중앙로 321(하단동),부산광역시 사하구 하단동 593-1,35.10545869,128.9648641,부산광역시 사하구청,사하경찰서,N,0,8,2023-07-01
초등학교,을숙도초등학교,부산광역시 사하구 낙동대로 581(하단동),부산광역시 사하구 하단동 1217-2,35.1155457,128.9612457,부산광역시 사하구청,사하경찰서,N,0,15,2023-07-01
초등학교,신평초등학교,부산광역시 사하구 장평로 299번 안길 19(신평동),부산광역시 사하구 신평동 226,35.09434158,128.9715269,부산광역시 사하구청,사하경찰서,N,0,6,2023-07-01
유치원,한빛유치원,부산광역시 사하구 감천로 182(감천동),부산광역시 사하구 감천동 199-2,35.08351404,129.0089995,부산광역시 사하구청,사하경찰서,N,0,7,2023-07-01
유치원,제일성관유치원,부산광역시 사하구 옥천로88번길 20(감천동),부산광역시 사하구 감천동 12-108,35.09400666,129.0107523,부산광역시 사하구청,사하경찰서,N,0,8,2023-07-01
초등학교,감천초등학교,부산광역시 사하구 원양로 368-2(감천동),부산광역시 사하구 감천동 212,35.08257432,129.0071938,부산광역시 사하구청,사하경찰서,Y,1,6,2023-07-01
초등학교,서천초등학교,부산광역시 사하구 감천로 105번길 10(감천동),부산광역시 사하구 감천동 506-1,35.08874312,129.0038585,부산광역시 사하구청,사하경찰서,N,0,3,2023-07-01
초등학교,옥천초등학교,부산광역시 사하구 사하로 134(감천동),부산광역시 사하구 감천동 824,35.09388531,128.9936908,부산광역시 사하구청,사하경찰서,Y,2,16,2023-07-01
초등학교,사하초등학교,부산광역시 사하구 낙동대로 266(괴정동),부산광역시 사하구 괴정동 775,35.09991222,128.9868987,부산광역시 사하구청,사하경찰서,N,0,9,2023-07-01
초등학교,괴정초등학교,부산광역시 사하구 낙동대로 152(괴정동),부산광역시 사하구 괴정동 230,35.10376327,128.9997565,부산광역시 사하구청,사하경찰서,N,0,8,2023-07-01
초등학교,승학초등학교,부산광역시 사하구 낙동대로 135번길 55(괴정동),부산광역시 사하구 괴정동 354-111,35.10214411,129.0032874,부산광역시 사하구청,사하경찰서,N,0,8,2023-07-01
초등학교,사남초등학교,부산광역시 사하구 장평로 390(괴정동),부산광역시 사하구 괴정동 1206-9,35.096081,128.9830509,부산광역시 사하구청,사하경찰서,Y,1,11,2023-07-01
초등학교,구평초등학교,부산광역시 사하구 사하로 9(구평동),부산광역시 사하구 구평동 24-19,35.08661915,128.9890232,부산광역시 사하구청,사하경찰서,N,0,15,2023-07-01
초등학교,다대초등학교,부산광역시 사하구 다대로 499(다대동),부산광역시 사하구 다대동 270,35.05968084,128.9757961,부산광역시 사하구청,사하경찰서,N,0,4,2023-07-01
초등학교,응봉초등학교,부산광역시 사하구 다대낙조2길 26(다대동),부산광역시 사하구 다대동 1549-4,35.05283988,128.9650929,부산광역시 사하구청,사하경찰서,N,0,11,2023-07-01
유치원,꿈동산유치원,부산광역시 사하구 승학로 239번길 1(괴정동),부산광역시 사하구 괴정동 1051-10,35.10259425,128.990489,부산광역시 사하구청,사하경찰서,N,0,5,2023-07-01
유치원,즐거운루다(구 아하)유치원,부산광역시 사하구 대티로 49(괴정동),부산광역시 사하구 괴정동 196-5,35.10611666,129.004592,부산광역시 사하구청,사하경찰서,N,0,9,2023-07-01
초등학교,하남초등학교,부산광역시 사하구 하신번영로 186(하단동),부산광역시 사하구 하단동 1181-25,35.09953083,128.960002,부산광역시 사하구청,사하경찰서,N,0,5,2023-07-01
유치원,동주대학부속유치원,부산광역시 사하구 사리로55번길 13(괴정동),부산광역시 사하구 괴정동 240-1,35.105138,128.997484,부산광역시 사하구청,사하경찰서,N,0,7,2023-07-01
유치원,햇살내리는유치원,부산광역시 사하구 승학로 179-1(괴정동),부산광역시 사하구 괴정동 764-168,35.100942,128.9852037,부산광역시 사하구청,사하경찰서,N,0,9,2023-07-01
유치원,하늘꽃유치원,부산광역시 사하구 다대낙조2길 70(다대동),부산광역시 사하구 다대동 1549,35.05210597,128.9611166,부산광역시 사하구청,사하경찰서,N,0,12,2023-07-01
유치원,호산나유치원,부산광역시 사하구 다대로 595(다대동),부산광역시 사하구 다대동 621-1,35.05340405,128.9711997,부산광역시 사하구청,사하경찰서,N,0,8,2023-07-01
유치원,롯데캐슬유치원,부산광역시 사하구 다대낙조2길 3(다대동),부산광역시 사하구 다대동 1630,35.05039058,128.9658627,부산광역시 사하구청,사하경찰서,N,0,8,2023-07-01
유치원,블루롯데(구 로뎀)유치원,부산광역시 사하구 다송로 13-3(다대동),부산광역시 사하구 다대동 86-4,35.066199,128.981792,부산광역시 사하구청,사하경찰서,N,0,7,2023-07-01
유치원,큰별삼환유치원,부산광역시 사하구 다대로429번길 20(다대동),부산광역시 사하구 다대동 120-10,35.0617594,128.9816244,부산광역시 사하구청,사하경찰서,N,0,12,2023-07-01
유치원,큰별숲유치원,부산광역시 사하구 다대로 473(다대동),부산광역시 사하구 다대동 120-1,35.06147996,128.9793116,부산광역시 사하구청,사하경찰서,N,0,4,2023-07-01
유치원,봄봄유치원,부산광역시 사하구 다대로 438(다대동),부산광역시 사하구 다대동 113-10,35.063874,128.978636,부산광역시 사하구청,사하경찰서,N,0,4,2023-07-01
유치원,푸르네유치원,부산광역시 사하구 윤공단로 124(다대동),부산광역시 사하구 다대동 927-1,35.06141862,128.972418,부산광역시 사하구청,사하경찰서,N,0,13,2023-07-01
어린이집,풀잎어린이집,부산광역시 사하구 승학로 80(당리동),부산광역시 사하구 당리동 320-4,35.103966,128.9764389,부산광역시 사하구청,사하경찰서,N,0,7,2023-07-01
유치원,참사랑유치원,부산광역시 사하구 다대로 52(괴정동),부산광역시 사하구 당리동 540-3,35.097899,128.9772561,부산광역시 사하구청,사하경찰서,N,0,24,2023-07-01
유치원,호돌유치원,부산광역시 사하구 제석로95번길 99(당리동),부산광역시 사하구 당리동 39-9,35.11089794,128.9757467,부산광역시 사하구청,사하경찰서,N,0,6,2023-07-01
유치원,봉우리유치원,부산광역시 사하구 신산북로43번길 55(신평동),부산광역시 사하구 신평동 214,35.09292664,128.970746,부산광역시 사하구청,사하경찰서,N,0,4,2023-07-01
유치원,신익유치원,부산광역시 사하구 비봉로 36(신평동),부산광역시 사하구 신평동 409-13,35.097261,128.9649993,부산광역시 사하구청,사하경찰서,N,0,11,2023-07-01
유치원,하늘유치원,부산광역시 사하구 하신중앙로 170(신평동),부산광역시 사하구 신평동 400,35.09384639,128.9642827,부산광역시 사하구청,사하경찰서,N,0,14,2023-07-01
유치원,지산유치원,부산광역시 사하구 장평로 117-4(장림동),부산광역시 사하구 장림동 597,35.076235,128.972297,부산광역시 사하구청,사하경찰서,N,0,16,2023-07-01
유치원,한림가락유치원,부산광역시 사하구 하신중앙로 265(하단동),부산광역시 사하구 하단동 1176,35.09992771,128.9584854,부산광역시 사하구청,사하경찰서,N,0,8,2023-07-01
유치원,미엘(구 가락강변)유치원,부산광역시 사하구 하신번영로 365(하단동),부산광역시 사하구 하단동 1161-2,35.11029776,128.9585361,부산광역시 사하구청,사하경찰서,N,0,12,2023-07-01
유치원,길메리유치원,부산광역시 사하구 하신번영로328번길 26(하단동),부산광역시 사하구 하단동 503-6,35.10964924,128.9607447,부산광역시 사하구청,사하경찰서,N,0,9,2023-07-01
유치원,햇빛유치원,부산광역시 사하구 승학로229번길 11(괴정동),부산광역시 사하구 괴정동 1066-1,35.10190831,128.989324,부산광역시 사하구청,사하경찰서,N,0,6,2023-07-01
유치원,우리아이유치원,부산광역시 사하구 다대로 277번길 132,부산광역시 사하구 장림동 12,35.076051,128.9831998,부산광역시 사하구청,사하경찰서,N,0,8,2023-07-01
유치원,꿈누리유치원,부산광역시 사하구 두송로 26번길 62(장림동),부산광역시 사하구 장림동 24,35.07658886,128.9801107,부산광역시 사하구청,사하경찰서,N,0,8,2023-07-01
유치원,메이플유치원,부산광역시 사하구 윤공단로 17번길 83,부산광역시 사하구 다대동 1551-21,35.05531879,128.9660554,부산광역시 사하구청,사하경찰서,N,0,6,2023-07-01
유치원,장림초등학교 병설유치원,부산광역시 사하구 장림번영로 103번길 10(장림동),부산광역시 사하구 장림동 182,35.08216968,128.9765357,부산광역시 사하구청,사하경찰서,N,0,11,2023-07-01
유치원,감천초등학교 병설유치원,부산광역시 사하구 원양로 368-2(감천동),부산광역시 사하구 감천동 203,35.08257432,129.0071938,부산광역시 사하구청,사하경찰서,N,0,6,2023-07-01
유치원,다송초등학교 병설유치원,부산광역시 사하구 다대로 381번길 17(다대동),부산광역시 사하구 다대동 93,35.06932612,128.9798387,부산광역시 사하구청,사하경찰서,N,0,8,2023-07-01
유치원,몰운대초등학교 병설유치원,부산광역시 사하구 다대낙조 2길 110(다대동),부산광역시 사하구 다대동 1633,35.05504897,128.963185,부산광역시 사하구청,사하경찰서,N,0,10,2023-07-01
유치원,사동초등학교 병설유치원,부산광역시 사하구 승학로 129-2(당리동),부산광역시 사하구 당리동 467-6,35.10450283,128.9806235,부산광역시 사하구청,사하경찰서,N,0,6,2023-07-01
어린이집,효원어린이집,부산광역시 사하구 괴정로 267(괴정동),부산광역시 사하구 괴정동531-11,35.09704086,128.990576,부산광역시 사하구청,사하경찰서,N,0,6,2023-07-01
유치원,하단초등학교병설유치원,부산광역시 사하구 하신중앙로 321(하단동),부산광역시 사하구 하단동 593-1,35.10545869,128.9648641,부산광역시 사하구청,사하경찰서,Y,11,8,2023-07-01
유치원,신촌초등학교병설유치원,부산광역시 사하구 다대로135번길 34-2(신평동),부산광역시 사하구 신평동 45-4,35.0912092,128.9796992,부산광역시 사하구청,사하경찰서,Y,6,6,2023-07-01
유치원,옥천초등학교병설유치원,부산광역시 사하구 사하로 134(괴정동),부산광역시 사하구 감천동 824,35.09388531,128.9936908,부산광역시 사하구청,사하경찰서,Y,2,16,2023-07-01
어린이집,태양,부산광역시 연제구 고분로248번길55,부산광역시 연제구 연산동486-29(태양어린이집),35.18200582,129.109424,부산광역시 연제구청,연제경찰서,N,,8,2023-06-26
특수학교,동암학교,부산광역시 연제구 톳고개로50,부산광역시 연제구 연산동10-51,35.18098633,129.1018281,부산광역시 연제구청,연제경찰서,N,,9,2023-06-26
유치원,과정,부산광역시 연제구 좌수영로291,부산광역시 연제구 연산동149-11(부산제일교회),35.1876157,129.1102404,부산광역시 연제구청,연제경찰서,N,1,6,2023-06-26
어린이집,소담,부산광역시 연제구 배산북로22,부산광역시 연제구 연산동2129-13,35.17555859,129.0939934,부산광역시 연제구청,연제경찰서,Y,3,6,2023-06-26
어린이집,하나둘,부산광역시 연제구 여고로14번길47,부산광역시 연제구 거제동894-13,35.19281527,129.0663233,부산광역시 연제구청,연제경찰서,N,,6,2023-06-26
초등학교,연동초교,부산광역시 연제구 고분로56번길40,부산광역시 연제구 연산동799(연동초등학교),35.18393352,129.0884693,부산광역시 연제구청,연제경찰서,Y,2,8,2023-06-26
초등학교,연신초교,부산광역시 연제구 신금로23번길30,부산광역시 연제구 연산동302-1(연신초등학교),35.19248197,129.0931582,부산광역시 연제구청,연제경찰서,Y,1,10,2023-06-26
초등학교,거제초교,부산광역시 연제구 해맞이로39,부산광역시 연제구 거제동676-152(거제초등학교),35.1780756,129.0675687,부산광역시 연제구청,연제경찰서,N,,10,2023-06-26
유치원,거제초교병설,부산광역시 연제구 해맞이로39,부산광역시 연제구 거제동676-152(거제초등학교),35.1780756,129.0675687,부산광역시 연제구청,연제경찰서,N,,10,2023-06-26
초등학교,창신초교,부산광역시 연제구 종합운동장로12번길15,부산광역시 연제구 거제동897-3(창신초등학교),35.19281042,129.0658511,부산광역시 연제구청,연제경찰서,N,3,10,2023-06-26
초등학교,과정초교,부산광역시 연제구 과정로164번길37,부산광역시 연제구 연산동473-1(과정초등학교),35.18673135,129.1103491,부산광역시 연제구청,연제경찰서,N,1,8,2023-06-26
초등학교,연미초교,부산광역시 연제구 금련로38번길84,부산광역시 연제구 연산동1824-60(연미초등학교),35.17070845,129.0921169,부산광역시 연제구청,연제경찰서,N,1,5,2023-06-26
초등학교,연일초교,부산광역시 연제구 고분로126-4,부산광역시 연제구 연산동1016(연일초등학교),35.18431629,129.0954502,부산광역시 연제구청,연제경찰서,Y,2,8,2023-06-26
특수학교,두레학교,부산광역시 연제구 고분로123번길13-7,부산광역시 연제구 연산동1030-1(부산두레학교),35.18680312,129.0959557,부산광역시 연제구청,연제경찰서,N,,5,2023-06-26
초등학교,연산초교,부산광역시 연제구 월드컵대로41,부산광역시 연제구 연산동774-1(연산초등학교),35.17826118,129.0841247,부산광역시 연제구청,연제경찰서,N,,6,2023-06-26
초등학교,연제초교,부산광역시 연제구 중앙대로1065번길14,부산광역시 연제구 연산동1300(연제초등학교),35.18405049,129.0778797,부산광역시 연제구청,연제경찰서,Y,2,6,2023-06-26
초등학교,연서초교,부산광역시 연제구 거제천로270번길30,부산광역시 연제구 연산동583-3(연서초등학교),35.19094918,129.0866014,부산광역시 연제구청,연제경찰서,N,,8,2023-06-26
초등학교,거학초교,부산광역시 연제구 교대로24번길36,부산광역시 연제구 거제동240(거학초등학교),35.19747831,129.0768246,부산광역시 연제구청,연제경찰서,Y,1,8,2023-06-26
초등학교,동명초교,부산광역시 연제구 쌍미천로44번길17,부산광역시 연제구 연산동1784-19(동명초등학교),35.17815285,129.0908609,부산광역시 연제구청,연제경찰서,N,2,8,2023-06-26
초등학교,토현초교,부산광역시 연제구 토현로48,부산광역시 연제구 연산동2219-1(토현초등학교),35.18129198,129.1117682,부산광역시 연제구청,연제경찰서,N,,6,2023-06-26
초등학교,연천초교,부산광역시 연제구 과정로225번길46,부산광역시 연제구 연산동378-11(연천초등학교),35.1862175,129.1004934,부산광역시 연제구청,연제경찰서,Y,4,10,2023-06-26
유치원,거성,부산광역시 연제구 거제대로136번길6,부산광역시 연제구 거제동740-5(거성교회),35.18035457,129.0697833,부산광역시 연제구청,연제경찰서,N,,10,2023-06-26
초등학교,부산교대부설초교,부산광역시 연제구 교대로24,부산광역시 연제구 거제동87-4(부산교육대학교),35.19569321,129.0770825,부산광역시 연제구청,연제경찰서,Y,2,8,2023-06-26
유치원,경상부속,부산광역시 연제구 고분로170,부산광역시 연제구 연산동277-4(부산경상대학),35.18542909,129.1009549,부산광역시 연제구청,연제경찰서,N,,10,2023-06-26
유치원,연산,부산광역시 연제구 월드컵대로41,부산광역시 연제구 연산동774-1(연산초등학교),35.17826259,129.084127,부산광역시 연제구청,연제경찰서,N,,6,2023-06-26
유치원,고은,부산광역시 연제구 여고로126,부산광역시 연제구 거제동212-2,35.19860242,129.0764689,부산광역시 연제구청,연제경찰서,Y,1,8,2023-06-26
유치원,동성연천,부산광역시 연제구 고분로200,부산광역시 연제구 연산동243-18(연산엘지아파트),35.18408872,129.1046149,부산광역시 연제구청,연제경찰서,N,,10,2023-06-26
유치원,브니엘,부산광역시 연제구 중앙천로73번길15,부산광역시 연제구 연산동1643-1,35.17976756,129.0800518,부산광역시 연제구청,연제경찰서,N,2,8,2023-06-26
유치원,양지,부산광역시 연제구 쌍미천로30번길53,부산광역시 연제구 연산동산143-7,35.17780666,129.0926401,부산광역시 연제구청,연제경찰서,N,1,6,2023-06-26
유치원,이화,부산광역시 연제구 과정로93번길32,부산광역시 연제구 연산동57-77,35.18058584,129.1062033,부산광역시 연제구청,연제경찰서,Y,1,6,2023-06-26
유치원,토현,부산광역시 연제구 토현로32,부산광역시 연제구 연산동2231,35.18031087,129.110635,부산광역시 연제구청,연제경찰서,N,2,6,2023-06-26
초등학교,남문초교,부산광역시 연제구 법원북로23,부산광역시 연제구 거제동1474,35.1942359,129.0695568,부산광역시 연제구청,연제경찰서,N,,8,2023-06-26
유치원,동명초교병설,부산광역시 연제구 쌍미천로44번길17,부산광역시 연제구 연산동1784-19,35.17817174,129.090835,부산광역시 연제구청,연제경찰서,Y,3,8,2023-06-26
유치원,연천초교병설,부산광역시 연제구 과정로225번길46,부산광역시 연제구 연산동378-11,35.1862175,129.1004934,부산광역시 연제구청,연제경찰서,Y,4,10,2023-06-26
유치원,창신초교병설,부산광역시 연제구 종합운동장로12번길15(거제2동),부산광역시 연제구 거제동897-3,35.19281042,129.0658511,부산광역시 연제구청,연제경찰서,Y,2,10,2023-06-26
유치원,글로잉,부산광역시 연제구 연동로14번길33,부산광역시 연제구 연산동2264,35.18836518,129.0912773,부산광역시 연제구청,연제경찰서,N,,15,2023-06-26
어린이집,부산법원어린이집,부산광역시 연제구 법원로31,부산광역시 연제구 거제동1500,35.19253531,129.0732651,부산광역시 연제구청,연제경찰서,N,1,15,2023-06-26
유치원,연동초등학교병설유치원,부산광역시 연제구 고분로56번길40,부산광역시 연제구 연산동799,35.18393246,129.0884679,부산광역시 연제구청,연제경찰서,Y,4,18,2023-06-26
유치원,LG메트로시티유치원,부산광역시 남구 분포로 113,,35.12726563,129.1090419,부산광역시 남구청,부산광역시 남부경찰서,Y,2,12~20,2023-11-23
어린이집,감만어린이집,부산광역시 남구 양지골로 181,,35.11651323,129.0857069,부산광역시 남구청,부산광역시 남부경찰서,Y,4,3~10.5,2023-11-23
유치원,개미유치원,부산광역시 남구 조각공원로 37,,35.130439,129.101248,부산광역시 남구청,부산광역시 남부경찰서,Y,3,4~12,2023-11-23
유치원,계명유치원,부산광역시 남구 동명로145번다길 18,,35.12090972,129.113623,부산광역시 남구청,부산광역시 남부경찰서,N,0,4.5~7,2023-11-23
특수학교,구화학교,부산광역시 남구 수영로123번길 54,,35.134718,129.0798084,부산광역시 남구청,부산광역시 남부경찰서,Y,2,6~8,2023-11-23
어린이집,글로벌어린이집,부산광역시 남구 용호로 34,,35.12648437,129.107745,부산광역시 남구청,부산광역시 남부경찰서,N,0,6~20,2023-11-23
초등학교,대남초등학교,부산광역시 남구 황령대로353번길 9-55,,35.14885685,129.0972482,부산광역시 남구청,부산광역시 남부경찰서,Y,3,4~25,2023-11-23
어린이집,대연어린이집,부산광역시 남구 홍곡로 309,,35.12187374,129.0894499,부산광역시 남구청,부산광역시 남부경찰서,Y,1,3~10,2023-11-23
유치원,대연자연유치원,부산광역시 남구 수영로 345,,35.13988755,129.103525,부산광역시 남구청,부산광역시 남부경찰서,N,0,15~18,2023-11-23
초등학교,대연초등학교,부산광역시 남구 진남로18번길 11,,35.13723821,129.0922867,부산광역시 남구청,부산광역시 남부경찰서,Y,2,3~8,2023-11-23
유치원,대천유치원,부산광역시 남구 유엔평화로47번길 125,,35.13088792,129.0990991,부산광역시 남구청,부산광역시 남부경찰서,Y,3,4~12,2023-11-23
초등학교,대천초등학교,부산광역시 남구 조각공원로 19,,35.12920185,129.1010318,부산광역시 남구청,부산광역시 남부경찰서,Y,3,4~12,2023-11-23
초등학교,동천초등학교,부산광역시 남구 석포로26번길 22,,35.12161413,129.0831739,부산광역시 남구청,부산광역시 남부경찰서,Y,9,5~14,2023-11-23
초등학교,동항초등학교,부산광역시 남구 우암로 42,,35.114061,129.0829058,부산광역시 남구청,부산광역시 남부경찰서,Y,6,4~18,2023-11-23
학원,링구아어학원,부산광역시 남구 유엔로157번길 4,,35.13038328,129.093491,부산광역시 남구청,부산광역시 남부경찰서,Y,3,4~12,2023-11-23
유치원,마루유치원,부산광역시 남구 용주로30번길 69,,35.10997691,129.113439,부산광역시 남구청,부산광역시 남부경찰서,Y,2,3~20,2023-11-23
유치원,메트로자연유치원,부산광역시 남구 분포로 111,,35.12689494,129.1096291,부산광역시 남구청,부산광역시 남부경찰서,Y,2,12~20,2023-11-23
유치원,명문글로벌유치원,부산광역시 남구 진남로232번길 51,,35.1463895,129.077963,부산광역시 남구청,부산광역시 남부경찰서,N,0,3.5~6.0,2023-11-23
유치원,무지개유치원,부산광역시 남구 못골번영로 72,,35.14172734,129.0890753,부산광역시 남구청,부산광역시 남부경찰서,N,0,5~8,2023-11-23
초등학교,문현초등학교,부산광역시 남구 고동골로 86-13,,35.14532445,129.0729385,부산광역시 남구청,부산광역시 남부경찰서,Y,2,2.5~12,2023-11-23
유치원,문현초등학교 병설유치원,부산광역시 남구 고동골로 86-13,,35.14532445,129.0729385,부산광역시 남구청,부산광역시 남부경찰서,Y,2,2.5~12,2023-11-23
초등학교,백운초등학교,부산광역시 남구 동명로 76,,35.11830794,129.105533,부산광역시 남구청,부산광역시 남부경찰서,Y,2,4~16,2023-11-23
유치원,백합유치원,부산광역시 남구 석포로73번나길 13,,35.12651881,129.087229,부산광역시 남구청,부산광역시 남부경찰서,Y,1,5~8,2023-11-23
유치원,부산대연유치원,부산광역시 남구 진남로165번길 4,,35.141349,129.0785158,부산광역시 남구청,부산광역시 남부경찰서,Y,4,5.7~10.8,2023-11-23
초등학교,분포초등학교,부산광역시 남구 분포로 41,,35.12891344,129.113993,부산광역시 남구청,부산광역시 남부경찰서,Y,2,12~20,2023-11-23
어린이집,새부산어린이집,부산광역시 남구 황령대로353번길 27,,35.147664,129.096388,부산광역시 남구청,부산광역시 남부경찰서,Y,4,4~25,2023-11-23
유치원,새부산유치원,부산광역시 남구 황령대로319번나길 14,,35.15034371,129.0908799,부산광역시 남구청,부산광역시 남부경찰서,Y,1,2~10,2023-11-23
유치원,색동유치원,부산광역시 남구 유엔로120번가길 121,,35.12681463,129.0842804,부산광역시 남구청,부산광역시 남부경찰서,Y,1,2.5~4.5,2023-11-23
어린이집,샬롬어린이집,부산광역시 남구 양지골로 264,,35.119315,129.0850719,부산광역시 남구청,부산광역시 남부경찰서,Y,9,5~14,2023-11-23
초등학교,석포초등학교,부산광역시 남구 석포로86번길 76,,35.1265655,129.0918337,부산광역시 남구청,부산광역시 남부경찰서,Y,7,3~15,2023-11-23
유치원,선화유치원,부산광역시 남구 우암로2번길 5,,35.11178877,129.0829105,부산광역시 남구청,부산광역시 남부경찰서,Y,1,4~10,2023-11-23
어린이집,성광어린이집,부산광역시 남구 동명로164번길 78,,35.1155457,129.1136662,부산광역시 남구청,부산광역시 남부경찰서,Y,16,4.5~20,2023-11-23
초등학교,성동초등학교,부산광역시 남구 전포대로68번길 27,,35.1438328,129.069115,부산광역시 남구청,부산광역시 남부경찰서,Y,2,2.6~8.8,2023-11-23
유치원,성동초등학교 병설유치원,부산광역시 남구 전포대로68번길 27,,35.1438328,129.0691046,부산광역시 남구청,부산광역시 남부경찰서,Y,2,2.6~8.8,2023-11-23
유치원,성신유치원,부산광역시 남구 수영로49번길 5,,35.13644323,129.073162,부산광역시 남구청,부산광역시 남부경찰서,Y,1,5.4~6.3,2023-11-23
초등학교,성천초등학교,부산광역시 남구 장고개로 64-41,,35.13082781,129.072206,부산광역시 남구청,부산광역시 남부경찰서,Y,1,4.4~10.6,2023-11-23
유치원,솔유치원,부산광역시 남구 용호로231번길 128,,35.114157,129.1160035,부산광역시 남구청,부산광역시 남부경찰서,Y,16,4.5~20,2023-11-23
초등학교,신연초등학교,부산광역시 남구 유엔로25번길 66,,35.129293,129.077937,부산광역시 남구청,부산광역시 남부경찰서,Y,1,3~5.4,2023-11-23
어린이집,양문어린이집,부산광역시 남구 석포로64번길 63,,35.121056,129.087435,부산광역시 남구청,부산광역시 남부경찰서,Y,9,5~14,2023-11-23
초등학교,연포초등학교,부산광역시 남구 못골로 17,,35.13729666,129.0840869,부산광역시 남구청,부산광역시 남부경찰서,Y,4,4~18,2023-11-23
초등학교,연포초등학교 병설유치원,부산광역시 남구 못골로 17,,35.13729666,129.0840869,부산광역시 남구청,부산광역시 남부경찰서,Y,4,4~18,2023-11-23
초등학교,오륙도초등학교,부산광역시 남구 오륙도로 57,,35.104279,129.1161857,부산광역시 남구청,부산광역시 남부경찰서,Y,2,6~18,2023-11-23
어린이집,용당어린이집,부산광역시 남구 신선로329번길 74,,35.113442,129.0930463,부산광역시 남구청,부산광역시 남부경찰서,Y,2,3~25,2023-11-23
초등학교,용당초등학교,부산광역시 남구 신선로 341,,35.11669795,129.0939473,부산광역시 남구청,부산광역시 남부경찰서,Y,2,3~25,2023-11-23
초등학교,용문초등학교,부산광역시 남구 신선로 542,,35.13067684,129.1081427,부산광역시 남구청,부산광역시 남부경찰서,Y,2,12~20,2023-11-23
초등학교,용산초등학교,부산광역시 남구 동명로176번길 55,,35.11653828,129.1160696,부산광역시 남구청,부산광역시 남부경찰서,Y,16,4.5~20,2023-11-23
유치원,용산초등학교 병설유치원,부산광역시 남구 동명로176번길 55,,35.11653828,129.1160696,부산광역시 남구청,부산광역시 남부경찰서,Y,16,4.5~20,2023-11-23
초등학교,용소초등학교,부산광역시 남구 수영로325번길 114,,35.14284837,129.0995005,부산광역시 남구청,부산광역시 남부경찰서,Y,2,15~18,2023-11-23
유치원,용소초등학교 병설유치원,부산광역시 남구 수영로325번길 114,,35.14284837,129.0995005,부산광역시 남구청,부산광역시 남부경찰서,Y,2,15~18,2023-11-23
초등학교,용호초등학교,부산광역시 남구 용호로42번길 94,,35.12247969,129.108928,부산광역시 남구청,부산광역시 남부경찰서,Y,5,3~12,2023-11-23
어린이집,용호한빛어린이집,부산광역시 남구 용호로197번길 15,,35.114961,129.112064,부산광역시 남구청,부산광역시 남부경찰서,Y,16,4.5~20,2023-11-23
초등학교,우암초등학교,부산광역시 남구 우암로 190-19,,35.12534261,129.0763806,부산광역시 남구청,부산광역시 남부경찰서,Y,3,4.5~21,2023-11-23
유치원,우암초등학교 병설유치원,부산광역시 남구 우암로 190-19,,35.12534261,129.0763806,부산광역시 남구청,부산광역시 남부경찰서,Y,3,4.5~21,2023-11-23
초등학교,운산초등학교,부산광역시 남구 용호로269번길 89,,35.11020526,129.1152259,부산광역시 남구청,부산광역시 남부경찰서,Y,2,3~20,2023-11-23
유치원,은하유치원,부산광역시 남구 수영로266번길 54,,35.134365,129.097802,부산광역시 남구청,부산광역시 남부경찰서,Y,2,3~6,2023-11-23
유치원,키즈포레유치원,부산광역시 남구 유엔평화로47번길 98,,35.13056687,129.097632,부산광역시 남구청,부산광역시 남부경찰서,Y,4,4~12,2023-11-23
유치원,해맑은유치원,부산광역시 남구 동명로118번길 63,,35.1172753,129.1095652,부산광역시 남구청,부산광역시 남부경찰서,N,0,4~16,2023-11-23
특수학교,혜남학교,부산광역시 남구 진남로166번길 10-19,,35.141515,129.0822502,부산광역시 남구청,부산광역시 남부경찰서,Y,3,3~10,2023-11-23
특수학교,혜성학교,부산광역시 남구 진남로166번길 10-9,,35.14183059,129.0801433,부산광역시 남구청,부산광역시 남부경찰서,Y,3,3~10,2023-11-23
유치원,아인유치원,부산광역시 금정구 금정도서관로 5-4,부산광역시 금정구 청룡동 7-3,35.27291031,129.093639,부산광역시 금정구청,금정경찰서,N,,16,2023-06-10
유치원,아람유치원,부산광역시 금정구 두실로15번길 52-13,부산광역시 금정구 구서동 225,35.25839737,129.088665,부산광역시 금정구청,금정경찰서,Y,1,10,2023-06-10
유치원,소심유치원,부산광역시 금정구 서동로5번길 58-1,부산광역시 금정구 부곡동 841-1,35.22181666,129.0944139,부산광역시 금정구청,금정경찰서,N,,5,2023-06-10
유치원,둥지유치원,부산광역시 금정구 서동로103번길 78,부산광역시 금정구 서동 166-1,35.21719056,129.1009082,부산광역시 금정구청,금정경찰서,N,,6,2023-06-10
초등학교,동상초등학교,부산광역시 금정구 옥봉로 5,부산광역시 금정구 서동 235,35.21130018,129.1069492,부산광역시 금정구청,금정경찰서,Y,1,5~8,2023-06-10
초등학교,금성초등학교,부산광역시 금정구 중리1길 15,부산광역시 금정구 금성동 609,35.25067682,129.0573705,부산광역시 금정구청,금정경찰서,N,,3~6,2023-06-10
초등학교,동래초등학교,부산광역시 금정구 체육공원로44번길 26,부산광역시 금정구 부곡동 산7-1,35.24710743,129.0984812,부산광역시 금정구청,금정경찰서,Y,1,10~16,2023-06-10
초등학교,남산초등학교,부산광역시 금정구 금강로 614,부산광역시 금정구 남산동 59-2,35.26214086,129.0891827,부산광역시 금정구청,금정경찰서,Y,1,6~10,2023-06-10
초등학교,금정초등학교,부산광역시 금정구 식물원로44번길 46,부산광역시 금정구 장전동 348-1,35.22802827,129.0848988,부산광역시 금정구청,금정경찰서,Y,4,3~18,2023-06-10
초등학교,금양초등학교,부산광역시 금정구 중앙대로 1755,부산광역시 금정구 부곡동 63-27,35.241299,129.0920249,부산광역시 금정구청,금정경찰서,N,,6~15,2023-06-10
초등학교,금샘초등학교,부산광역시 금정구 금샘로 525,부산광역시 금정구 남산동 553-2,35.26905918,129.0838928,부산광역시 금정구청,금정경찰서,Y,1,14,2023-06-10
초등학교,금사초등학교,부산광역시 금정구 금사로57번길 24,부산광역시 금정구 서동 41-3,35.21892107,129.1095928,부산광역시 금정구청,금정경찰서,N,,3.5~5,2023-06-10
초등학교,금빛초등학교,부산광역시 금정구 소정로 31,부산광역시 금정구 장전동 714,35.22797727,129.080337,부산광역시 금정구청,금정경찰서,N,,4~18,2023-06-10
유치원,동백유치원,부산광역시 금정구 수림로50번길 47,부산광역시 금정구 장전동 63-3,35.24216599,129.086996,부산광역시 금정구청,금정경찰서,N,,9,2023-06-10
유치원,대우유치원,부산광역시 금정구 부산대학로 10,부산광역시 금정구 부곡동 244-37,35.23306339,129.0899786,부산광역시 금정구청,금정경찰서,Y,1,8~10,2023-06-10
유치원,꾸미랑유치원,부산광역시 금정구 서동로34번길 25,부산광역시 금정구 부곡동 778-1,35.2197578,129.091103,부산광역시 금정구청,금정경찰서,N,,5,2023-06-10
유치원,금양미래유치원,부산광역시 금정구 수림로 12,부산광역시 금정구 부곡동 63-11,35.24056963,129.0923945,부산광역시 금정구청,금정경찰서,Y,1,8,2023-06-10
유치원,광명유치원,부산광역시 금정구 금샘로 51,부산광역시 금정구 장전동 502-35,35.22986147,129.0749601,부산광역시 금정구청,금정경찰서,N,,18,2023-06-10
유치원,청룡초등학교병설유치원,부산광역시 금정구 팔송로 6,부산광역시 금정구 청룡동 46,35.272731,129.0917551,부산광역시 금정구청,금정경찰서,Y,2,6~32,2023-06-10
유치원,서명초등학교병설유치원,부산광역시 금정구 명서로 48,부산광역시 금정구 서동 302-1953,35.21516544,129.0946322,부산광역시 금정구청,금정경찰서,Y,1,6~7,2023-06-10
유치원,동래초교부속유치원,부산광역시 금정구 체육공원로44번길 26,부산광역시 금정구 구서동 73,35.24710743,129.0984812,부산광역시 금정구청,금정경찰서,Y,1,10~16,2023-06-10
유치원,금사초등학교병설유치원,부산광역시 금정구 금사로57번길 24,부산광역시 금정구 서동 41-3,35.218913,129.109559,부산광역시 금정구청,금정경찰서,N,,3.5~5,2023-06-10
초등학교,현곡초등학교,부산광역시 금정구 동부곡로27번길 20,부산광역시 금정구 부곡동 산70,35.22641657,129.0949785,부산광역시 금정구청,금정경찰서,N,,6~12,2023-06-10
초등학교,청룡초등학교,부산광역시 금정구 팔송로 6,부산광역시 금정구 청룡동 46,35.272731,129.0917551,부산광역시 금정구청,금정경찰서,Y,2,6~32,2023-06-10
초등학교,장전초등학교,부산광역시 금정구 수림로 90,부산광역시 금정구 장전동 657-8,35.24137393,129.0827578,부산광역시 금정구청,금정경찰서,Y,2,15,2023-06-10
초등학교,공덕초등학교,부산광역시 금정구 대두로 2,부산광역시 금정구 두구동 224-1,35.29585964,129.1113124,부산광역시 금정구청,금정경찰서,Y,1,3~15,2023-06-10
초등학교,장서초등학교,부산광역시 금정구 금강로 453번길 26-7,부산광역시 금정구 구서동 709-3,35.2480494,129.085406,부산광역시 금정구청,금정경찰서,Y,1,6~20,2023-06-10
초등학교,서명초등학교,부산광역시 금정구 명서로 48,부산광역시 금정구 서동 302-1953,35.21516544,129.0946322,부산광역시 금정구청,금정경찰서,Y,1,6~7,2023-06-10
초등학교,서동초등학교,부산광역시 금정구 동현로 147,부산광역시 금정구 서동 산47,35.21911316,129.0968816,부산광역시 금정구청,금정경찰서,Y,1,8,2023-06-10
초등학교,서곡초등학교,부산광역시 금정구 윤산로 279,부산광역시 금정구 서동 134-13,35.220475,129.104852,부산광역시 금정구청,금정경찰서,N,,5~12,2023-06-10
초등학교,부곡초등학교,부산광역시 금정구 기찰로22번길 15,부산광역시 금정구 부곡동 241-1,35.2341134,129.0932522,부산광역시 금정구청,금정경찰서,N,,6,2023-06-10
초등학교,두실초등학교,부산광역시 금정구 중앙대로1893번길 33,부산광역시 금정구 구서동 1052,35.25315811,129.0894003,부산광역시 금정구청,금정경찰서,N,,8,2023-06-10
초등학교,동현초등학교,부산광역시 금정구 동현로 36,부산광역시 금정구 부곡동 337-1,35.2220213,129.0927614,부산광역시 금정구청,금정경찰서,N,,3.5~8,2023-06-10
초등학교,구서초등학교,부산광역시 금정구 구서중앙로 35,부산광역시 금정구 구서동 752,35.254258,129.0871377,부산광역시 금정구청,금정경찰서,N,,7~13,2023-06-10
초등학교,삼육초등학교,부산광역시 금정구 금정도서관로 17,부산광역시 금정구 청룡동 2-6,35.27276458,129.0947476,부산광역시 금정구청,금정경찰서,N,,8~16,2023-06-10
특수학교,은애학교,부산광역시 금정구 청룡예전로 107,부산광역시 금정구 청룡동 276-2,35.278658,129.0848121,부산광역시 금정구청,금정경찰서,N,,5,2023-06-10
어린이집,부산대부설어린이집,부산광역시 금정구 금강로321번길 63,부산광역시 금정구 장전동 산30,35.23651909,129.083368,부산광역시 금정구청,금정경찰서,Y,3,8~10,2023-06-10
어린이집,꽃잎어린이집,부산광역시 금정구 금단로 88,부산광역시 금정구 구서동 153-1,35.25717246,129.0940639,부산광역시 금정구청,금정경찰서,N,,6~8,2023-06-10
유치원,한신유치원,부산광역시 금정구 중앙대로1685번길 24,부산광역시 금정구 부곡동 26-11,35.23674462,129.0899237,부산광역시 금정구청,금정경찰서,Y,2,8~10,2023-06-10
유치원,하늘빛유치원,부산광역시 금정구 금강로 211,부산광역시 금정구 장전동 723,35.22813497,129.0818789,부산광역시 금정구청,금정경찰서,N,,12~18,2023-06-10
유치원,하나유치원,부산광역시 금정구 동현로 106,부산광역시 금정구 부곡동 963-2,35.21929988,129.095002,부산광역시 금정구청,금정경찰서,N,,7~12,2023-06-10
유치원,파랑새유치원,부산광역시 금정구 금샘로420번길 15,부산광역시 금정구 구서동 1011-1,35.260734,129.085368,부산광역시 금정구청,금정경찰서,N,,8,2023-06-10
유치원,트니트니유치원,부산광역시 금정구 중앙대로1667번길 10,부산광역시 금정구 부곡동 235-5,35.23346946,129.0908853,부산광역시 금정구청,금정경찰서,N,,8,2023-06-10
유치원,금정유치원,부산광역시 금정구 식물원로44번길 46,부산광역시 금정구 장전동 348-1,35.22802827,129.0848988,부산광역시 금정구청,금정경찰서,Y,4,3~18,2023-06-10
유치원,구서초등학교 병설유치원,부산광역시 금정구 구서중앙로 35,부산광역시 금정구 구서동 752,35.254258,129.0871377,부산광역시 금정구청,금정경찰서,N,,7~13,2023-06-10
유치원,금샘누리유치원,부산광역시 금정구 금샘로 525,부산광역시 금정구 남산동 553-2,35.26905918,129.0838928,부산광역시 금정구청,금정경찰서,Y,1,14,2023-06-10
어린이집,YMCA어린이집,부산광역시 해운대구 아랫반송로1번길 15,부산광역시 해운대구 반송동 697-2,35.22639867,129.146931,부산광역시 해운대구,부산광역시 해운대경찰서,Y,1,6~12,2023-10-12
유치원,강동유치원,부산광역시 해운대구 해운대로349번길 10,부산광역시 해운대구 우동 1113,35.17232058,129.1367468,부산광역시 해운대구,부산광역시 해운대경찰서,Y,,11,2023-10-12
초등학교,강동초교,부산광역시 해운대구 해운대로349번길 10,부산광역시 해운대구 우동 1113,35.17232058,129.1367468,부산광역시 해운대구,부산광역시 해운대경찰서,Y,1,11,2023-10-12
유치원,고은유치원,부산광역시 해운대구 세실로 30,부산광역시 해운대구 좌동 1317,35.16844975,129.1793923,부산광역시 해운대구,부산광역시 해운대경찰서,Y,1,9,2023-10-12
어린이집,광덕자연어린이집,부산광역시 해운대구 청사포로67번길 1-9,부산광역시 해운대구 중동 468,35.16340686,129.187399,부산광역시 해운대구,부산광역시 해운대경찰서,Y,2,4~8.5,2023-10-12
유치원,대동유치원,부산광역시 해운대구 대천로 100,부산광역시 해운대구 좌동 877-2,35.17436016,129.1734349,부산광역시 해운대구,부산광역시 해운대경찰서,Y,1,7.5,2023-10-12
유치원,대림유치원,부산광역시 해운대구 대천로103번길 47,부산광역시 해운대구 좌동 1396,35.17931267,129.1740453,부산광역시 해운대구,부산광역시 해운대경찰서,Y,,12~12.5,2023-10-12
유치원,대우사랑유치원,부산광역시 해운대구 좌동순환로 275,부산광역시 해운대구 좌동 1438,35.17245382,129.1832262,부산광역시 해운대구,부산광역시 해운대경찰서,Y,,12.5~16,2023-10-12
유치원,더푸른유치원,부산광역시 해운대구 좌동순환로433번길 30-3,부산광역시 해운대구 중동 1800,35.164107,129.181538,부산광역시 해운대구,부산광역시 해운대경찰서,Y,,11~21,2023-10-12
어린이집,동백어린이집,부산광역시 해운대구 해운대로469번길 80,부산광역시 해운대구 우동 934,35.16672302,129.1434569,부산광역시 해운대구,부산광역시 해운대경찰서,Y,1,9,2023-10-12
초등학교,동백초교,부산광역시 해운대구 좌동순환로357번길 6,부산광역시 해운대구 중동 1518-1,35.16401932,129.1812186,부산광역시 해운대구,부산광역시 해운대경찰서,Y,1,6.7~21,2023-10-12
유치원,동부산대부속유치원,부산광역시 해운대구 운봉길 60,부산광역시 해운대구 반송동 640-5,35.23274266,129.1490281,부산광역시 해운대구,부산광역시 해운대경찰서,Y,1,6.5~7,2023-10-12
유치원,동성제일유치원,부산광역시 해운대구 해운대로349번길 24,부산광역시 해운대구 우동 1104-1,35.17492815,129.1397257,부산광역시 해운대구,부산광역시 해운대경찰서,Y,1,8~11,2023-10-12
어린이집,동해어린이집,부산광역시 해운대구 송정2로 67,부산광역시 해운대구 송정동 84-4,35.194419,129.2068977,부산광역시 해운대구,부산광역시 해운대경찰서,Y,1,6~6.5,2023-10-12
유치원,마리나유치원,부산광역시 해운대구 해운대해변로 139,부산광역시 해운대구 우동 1388-5,35.15963575,129.1475636,부산광역시 해운대구,부산광역시 해운대경찰서,Y,1,10,2023-10-12
초등학교,무정초교,부산광역시 해운대구 반여로 68-11,부산광역시 해운대구 반여동 1651,35.19815569,129.1237797,부산광역시 해운대구,부산광역시 해운대경찰서,Y,2,5~17,2023-10-12
초등학교,반산초교,부산광역시 해운대구 재반로 171,부산광역시 해운대구 재송동 1033-1,35.19344259,129.1296332,부산광역시 해운대구,부산광역시 해운대경찰서,Y,2,6~11,2023-10-12
유치원,반산초교 병설유치원,부산광역시 해운대구 재반로 171,부산광역시 해운대구 재송동 1033-1,35.19344259,129.1296332,부산광역시 해운대구,부산광역시 해운대경찰서,Y,,6~11,2023-10-12
초등학교,반석초교,부산광역시 해운대구 선수촌로207번길 14,부산광역시 해운대구 반여동 757-1,35.211403,129.1249812,부산광역시 해운대구,부산광역시 해운대경찰서,Y,1,5~13,2023-10-12
어린이집,반송1동어린이집,부산광역시 해운대구 반송순환로 129,부산광역시 해운대구 반송동 250-2831,35.2225022,129.1528783,부산광역시 해운대구,부산광역시 해운대경찰서,Y,2,10,2023-10-12
초등학교,반송초교,부산광역시 해운대구 아랫반송로30번길 37-16,부산광역시 해운대구 반송동 250-8,35.22358136,129.1475257,부산광역시 해운대구,부산광역시 해운대경찰서,Y,3,4~10,2023-10-12
초등학교,반안초교,부산광역시 해운대구 명장로67번길 40-42,부산광역시 해운대구 반여동 1164-6,35.20296503,129.113229,부산광역시 해운대구,부산광역시 해운대경찰서,Y,1,6~12,2023-10-12
어린이집,반여3동어린이집,부산광역시 해운대구 재반로256번길 13-61,부산광역시 해운대구 반여동 1601-1,35.20087223,129.1322601,부산광역시 해운대구,부산광역시 해운대경찰서,Y,1,5~6,2023-10-12
초등학교,반여초교,부산광역시 해운대구 재반로 301,부산광역시 해운대구 반여동 1600-12,35.202761,129.129468,부산광역시 해운대구,부산광역시 해운대경찰서,Y,1,12,2023-10-12
유치원,반여초교 병설유치원,부산광역시 해운대구 재반로 301,부산광역시 해운대구 반여동 1600-12,35.202761,129.129468,부산광역시 해운대구,부산광역시 해운대경찰서,Y,1,12,2023-10-12
어린이집,백조어린이집,부산광역시 해운대구 우동1로85번길 16,부산광역시 해운대구 우동 379-2,35.168481,129.155576,부산광역시 해운대구,부산광역시 해운대경찰서,Y,1,5~10,2023-10-12
유치원,버드내유치원,부산광역시 해운대구 우동2로 40-5,부산광역시 해운대구 우동 404-4,35.16799293,129.158474,부산광역시 해운대구,부산광역시 해운대경찰서,Y,1,7~14,2023-10-12
외국인학교,부산외국인학교,부산광역시 해운대구 대천로67번길 45,부산광역시 해운대구 좌동 1366-3,35.17370749,129.1649832,부산광역시 해운대구,부산광역시 해운대경찰서,N,,7~12.5,2023-10-12
초등학교,부흥초교,부산광역시 해운대구 좌동순환로 216,부산광역시 해운대구 좌동 1303,35.17578498,129.1781921,부산광역시 해운대구,부산광역시 해운대경찰서,Y,1,7.5~13.5,2023-10-12
유치원,쁘띠포레유치원,부산광역시 해운대구 양운로 182,부산광역시 해운대구 좌동 1394,35.17870863,129.1699419,부산광역시 해운대구,부산광역시 해운대경찰서,N,,20,2023-10-12
초등학교,삼어초교,부산광역시 해운대구 삼어로91번길 73,부산광역시 해운대구 반여동 1138,35.2086973,129.1158546,부산광역시 해운대구,부산광역시 해운대경찰서,Y,1,5~12,2023-10-12
초등학교,상당초교,부산광역시 해운대구 세실로 173,부산광역시 해운대구 좌동 1405,35.179695,129.1760294,부산광역시 해운대구,부산광역시 해운대경찰서,Y,3,12~12.5,2023-10-12
유치원,서광자연유치원,부산광역시 해운대구 달맞이길117번라길 16,부산광역시 해운대구 중동 1494-9,35.15926763,129.1798671,부산광역시 해운대구,부산광역시 해운대경찰서,Y,3,5~8.9,2023-10-12
어린이집,세나어린이집,부산광역시 해운대구 윗반송로51번길 34,부산광역시 해운대구 반송동 216-10,35.22983963,129.1553873,부산광역시 해운대구,부산광역시 해운대경찰서,Y,1,4~11,2023-10-12
어린이집,세종어린이집,부산광역시 해운대구 달맞이길117번라길 86,부산광역시 해운대구 중동 1484-13,35.161753,129.182313,부산광역시 해운대구,부산광역시 해운대경찰서,Y,1,6,2023-10-12
유치원,센텀유치원,부산광역시 해운대구 센텀중앙로 142,부산광역시 해운대구 재송동 1197,35.17950161,129.1232765,부산광역시 해운대구,부산광역시 해운대경찰서,Y,,12.3~29.5,2023-10-12
초등학교,센텀초교,부산광역시 해운대구 센텀중앙로 166,부산광역시 해운대구 재송동 1198,35.18114187,129.1219407,부산광역시 해운대구,부산광역시 해운대경찰서,Y,2,12.3~29.5,2023-10-12
유치원,센텀향도,부산광역시 해운대구 해운대로61번길 107-22,부산광역시 해운대구 반여동 1291-833,35.19518162,129.1303175,부산광역시 해운대구,부산광역시 해운대경찰서,Y,1,,2023-10-12
초등학교,송수초교,부산광역시 해운대구 해운대로76번길 35,부산광역시 해운대구 재송동 935-1,35.189832,129.119287,부산광역시 해운대구,부산광역시 해운대경찰서,Y,2,7~9,2023-10-12
유치원,송수초교 병설유치원,부산광역시 해운대구 해운대로76번길 35,부산광역시 해운대구 재송동 935-1,35.189826,129.119229,부산광역시 해운대구,부산광역시 해운대경찰서,Y,,7~9,2023-10-12
초등학교,송운초교,부산광역시 해운대구 신반송로 20,부산광역시 해운대구 반송동 893,35.22861126,129.1573917,부산광역시 해운대구,부산광역시 해운대경찰서,Y,1,4~11,2023-10-12
초등학교,송정초교,부산광역시 해운대구 해운대로 1164-9,부산광역시 해운대구 송정동 935,35.18957289,129.2047827,부산광역시 해운대구,부산광역시 해운대경찰서,Y,2,5.5~15.5,2023-10-12
초등학교,신곡초교,부산광역시 해운대구 좌동순환로 290,부산광역시 해운대구 좌동 1324,35.169981,129.1818694,부산광역시 해운대구,부산광역시 해운대경찰서,Y,1,12.5~16,2023-10-12
초등학교,신도초교,부산광역시 해운대구 좌동순환로 34,부산광역시 해운대구 좌동 1346,35.16948362,129.1673789,부산광역시 해운대구,부산광역시 해운대경찰서,Y,2,9~14.5,2023-10-12
초등학교,신재초교,부산광역시 해운대구 해운대로81번길 55,부산광역시 해운대구 재송동 1024-1,35.19176921,129.122731,부산광역시 해운대구,부산광역시 해운대경찰서,Y,1,5.5~9,2023-10-12
초등학교,양운초교,부산광역시 해운대구 대천로67번길 36,부산광역시 해운대구 좌동 1372,35.174719,129.1667065,부산광역시 해운대구,부산광역시 해운대경찰서,Y,2,7~20,2023-10-12
유치원,양운초교 병설유치원,부산광역시 해운대구 대천로67번길 36,부산광역시 해운대구 좌동 1372,35.174719,129.1667065,부산광역시 해운대구,부산광역시 해운대경찰서,Y,,7~20,2023-10-12
유치원,여명유치원,부산광역시 해운대구 재반로118번길 92,부산광역시 해운대구 재송동 1155-9,35.191034,129.130659,부산광역시 해운대구,부산광역시 해운대경찰서,Y,1,5.5~6.5,2023-10-12
유치원,왕자와공주유치원,부산광역시 해운대구 좌동순환로299번길 11,부산광역시 해운대구 좌동 1439,35.16956973,129.1850498,부산광역시 해운대구,부산광역시 해운대경찰서,Y,,12.5~16,2023-10-12
어린이집,우2동어린이집,부산광역시 해운대구 해운대로383번가길 3-9,부산광역시 해운대구 우동 1185-164,35.171533,129.139974,부산광역시 해운대구,부산광역시 해운대경찰서,Y,2,6~9,2023-10-12
유치원,우주유치원,부산광역시 해운대구 선수촌로 95,부산광역시 해운대구 반여동 1199-11,35.20064959,129.1172223,부산광역시 해운대구,부산광역시 해운대경찰서,Y,1,26~33,2023-10-12
초등학교,운봉초교,부산광역시 해운대구 신반송로 11-20,부산광역시 해운대구 반송동 229,35.22928177,129.1591812,부산광역시 해운대구,부산광역시 해운대경찰서,Y,3,8~12.5,2023-10-12
유치원,운봉초교 병설유치원,부산광역시 해운대구 신반송로 11-20,부산광역시 해운대구 반송동 229,35.22928177,129.1591812,부산광역시 해운대구,부산광역시 해운대경찰서,Y,,8~12.5,2023-10-12
초등학교,운송초교,부산광역시 해운대구 반송로 839,부산광역시 해운대구 반송동 683-1,35.22863884,129.1460864,부산광역시 해운대구,부산광역시 해운대경찰서,Y,2,10~20,2023-10-12
유치원,은혜유치원,부산광역시 해운대구 선수촌로21번길 35,부산광역시 해운대구 반여동 1477-14,35.19579536,129.1163322,부산광역시 해운대구,부산광역시 해운대경찰서,Y,1,7~8.5,2023-10-12
초등학교,인지초교,부산광역시 해운대구 반여로 128,부산광역시 해운대구 반여동 1625,35.20287941,129.1251192,부산광역시 해운대구,부산광역시 해운대경찰서,Y,2,5~16,2023-10-12
유치원,인천유치원,부산광역시 해운대구 재반로12번길 16,부산광역시 해운대구 재송동 100-9,35.17967041,129.1275308,부산광역시 해운대구,부산광역시 해운대경찰서,Y,1,5,2023-10-12
어린이집,인천꿈나무,부산광역시 해운대구 재반로12번길 16,부산광역시 해운대구 재송동 100-9,35.17967041,129.1275308,부산광역시 해운대구,부산광역시 해운대경찰서,N,,,2023-10-12
초등학교,장산초교,부산광역시 해운대구 선수촌로 68,부산광역시 해운대구 반여동 1425-5,35.200053,129.1196525,부산광역시 해운대구,부산광역시 해운대경찰서,Y,3,6~10,2023-10-12
어린이집,재능어린이집,부산광역시 해운대구 재송1로46번길 43,부산광역시 해운대구 재송동 1091-4,35.185743,129.1234959,부산광역시 해운대구,부산광역시 해운대경찰서,Y,1,4~5.5,2023-10-12
유치원,재송,부산광역시 해운대구 재반로50번길 22,부산광역시 해운대구 재송동 124-2,35.183725,129.1275505,부산광역시 해운대구,부산광역시 해운대경찰서,Y,,5.5~9,2023-10-12
어린이집,재송,부산광역시 해운대구 재반로50번길 22,부산광역시 해운대구 재송동 124-2,35.183725,129.1275505,부산광역시 해운대구,부산광역시 해운대경찰서,Y,1,5.5~9,2023-10-12
초등학교,재송초교,부산광역시 해운대구 재반로64번길 33,부산광역시 해운대구 재송동 1120-3,35.18643932,129.1277644,부산광역시 해운대구,부산광역시 해운대경찰서,Y,3,7~8.5,2023-10-12
초등학교,좌동초교,부산광역시 해운대구 세실로 127,부산광역시 해운대구 좌동 1292,35.17601642,129.175188,부산광역시 해운대구,부산광역시 해운대경찰서,Y,2,7.5~12.5,2023-10-12
유치원,좌동초교 병설유치원,부산광역시 해운대구 세실로 127,부산광역시 해운대구 좌동 1292,35.17601642,129.175188,부산광역시 해운대구,부산광역시 해운대경찰서,Y,2,7.5~12.5,2023-10-12
초등학교,좌산초교,부산광역시 해운대구 좌동순환로311번길 7,부산광역시 해운대구 좌동 1444,35.16885589,129.1838587,부산광역시 해운대구,부산광역시 해운대경찰서,Y,2,10~20,2023-10-12
유치원,중일유치원,부산광역시 해운대구 좌동순환로468번길 29,부산광역시 해운대구 중동 798-2,35.162812,129.1725444,부산광역시 해운대구,부산광역시 해운대경찰서,Y,1,4~8,2023-10-12
어린이집,창신어린이집,부산광역시 해운대구 반송로 895,부산광역시 해운대구 반송동 363-24,35.231518,129.151576,부산광역시 해운대구,부산광역시 해운대경찰서,Y,1,23,2023-10-12
어린이집,파랑새어린이집,부산광역시 해운대구 신반송로 21,부산광역시 해운대구 반송동 233-4,35.22898712,129.1585232,부산광역시 해운대구,부산광역시 해운대경찰서,Y,1,5~8,2023-10-12
유치원,파랑새유치원,부산광역시 해운대구 신반송로 21,부산광역시 해운대구 반송동 233-4,35.22898806,129.1585212,부산광역시 해운대구,부산광역시 해운대경찰서,Y,,5~8,2023-10-12
유치원,푸른유치원,부산광역시 해운대구 세실로 19,부산광역시 해운대구 좌동 1333,35.16739639,129.1794388,부산광역시 해운대구,부산광역시 해운대경찰서,Y,,16~26,2023-10-12
유치원,풀꽃유치원,부산광역시 해운대구 선수촌로 122,부산광역시 해운대구 반여동 1638,35.20386972,129.1216813,부산광역시 해운대구,부산광역시 해운대경찰서,Y,1,7~9,2023-10-12
어린이집,풀빛어린이집,부산광역시 해운대구 선수촌로78번길 17-5,부산광역시 해운대구 반여동 1446-1,35.20107662,129.1200088,부산광역시 해운대구,부산광역시 해운대경찰서,Y,,6~10,2023-10-12
유치원,하늘숲유치원,부산광역시 해운대구 송정중앙로15번길 107,부산광역시 해운대구 송정동 199-21,35.187666,129.2051117,부산광역시 해운대구,부산광역시 해운대경찰서,Y,1,5,2023-10-12
유치원,해강유치원,부산광역시 해운대구 해운대해변로 87,부산광역시 해운대구 우동 994-1,35.16176438,129.143163,부산광역시 해운대구,부산광역시 해운대경찰서,Y,1,11,2023-10-12
초등학교,해강초교,부산광역시 해운대구 해운대해변로 73,부산광역시 해운대구 우동 1005-19,35.16215428,129.1417217,부산광역시 해운대구,부산광역시 해운대경찰서,Y,2,18.5~20,2023-10-12
초등학교,해동초교,부산광역시 해운대구 우동1로 104,부산광역시 해운대구 우동 345-1,35.170376,129.1554473,부산광역시 해운대구,부산광역시 해운대경찰서,Y,3,5,2023-10-12
유치원,해뜨는유치원,부산광역시 해운대구 청사포로 27,부산광역시 해운대구 좌동 1448,35.16652076,129.1864212,부산광역시 해운대구,부산광역시 해운대경찰서,Y,,10~20,2023-10-12
초등학교,해림초교,부산광역시 해운대구 해운대로469번길 42,부산광역시 해운대구 우동 1025-11,35.165072,129.1438995,부산광역시 해운대구,부산광역시 해운대경찰서,Y,1,7~9.5,2023-10-12
유치원,해성유치원,부산광역시 해운대구 중동2로 20-3,부산광역시 해운대구 중동 1373-1,35.16391269,129.1645423,부산광역시 해운대구,부산광역시 해운대경찰서,Y,,9~26,2023-10-12
초등학교,해송초교,부산광역시 해운대구 좌동순환로402번길 32,부산광역시 해운대구 좌동 1338,35.16424492,129.179501,부산광역시 해운대구,부산광역시 해운대경찰서,Y,2,16~26,2023-10-12
유치원,해운대자연유치원,부산광역시 해운대구 대천로103번길 61,부산광역시 해운대구 좌동 1398,35.18066759,129.1738662,부산광역시 해운대구,부산광역시 해운대경찰서,Y,,12~12.5,2023-10-12
초등학교,해운대초교,부산광역시 해운대구 중동2로24번길 30,부산광역시 해운대구 중동동 1234,35.16490791,129.1656509,부산광역시 해운대구,부산광역시 해운대경찰서,Y,4,9~26,2023-10-12
어린이집,해운대푸른어린이집,부산광역시 해운대구 세실로 7,부산광역시 해운대구 좌동 1331,35.16539442,129.179719,부산광역시 해운대구,부산광역시 해운대경찰서,Y,1,13.3,2023-10-12
초등학교,해원초교,부산광역시 해운대구 마린시티2로 10,부산광역시 해운대구 우동 1405-4,35.15882007,129.1439605,부산광역시 해운대구,부산광역시 해운대경찰서,Y,2,17,2023-10-12
어린이집,효원어린이집,부산광역시 해운대구 세실로 158,부산광역시 해운대구 좌동 1412,35.17818274,129.1787522,부산광역시 해운대구,부산광역시 해운대경찰서,Y,1,6.5,2023-10-12
특수학교,배화학교,부산광역시 수영구 연수로310번길 73,,35.16911304,129.1029495,부산광역시 수영구청,연제경찰서,Y,,6~12,2023-06-13
초등학교,광남초등,부산광역시 수영구 광안해변로 115,,35.14507176,129.1134247,부산광역시 수영구청,남부경찰서,Y,1,4~8,2023-06-13
초등학교,광안초등,부산광역시 수영구 광안로21번가길 38,,35.15652651,129.1171796,부산광역시 수영구청,남부경찰서,Y,,5~16,2023-06-13
초등학교,남천초등,부산광역시 수영구 남천서로 14,,35.14351616,129.1071266,부산광역시 수영구청,남부경찰서,Y,,6,2023-06-13
초등학교,망미초등,부산광역시 수영구 수미로35번길 27,,35.17491546,129.1143903,부산광역시 수영구청,연제경찰서,Y,1,6~10,2023-06-13
초등학교,민락초등,부산광역시 수영구 광남로257번길 12,,35.1609477,129.126942,부산광역시 수영구청,남부경찰서,Y,1,6~8,2023-06-13
초등학교,민안초등,부산광역시 수영구 감포로38번길 33,,35.16306671,129.1212163,부산광역시 수영구청,남부경찰서,Y,,6~8,2023-06-13
초등학교,배산초등,부산광역시 수영구 망미배산로48번길 85-15,,35.1771617,129.1019364,부산광역시 수영구청,연제경찰서,Y,,6,2023-06-13
초등학교,수미초등,부산광역시 수영구 연수로310번길 91,,35.168751,129.1037225,부산광역시 수영구청,연제경찰서,Y,,6,2023-06-13
초등학교,수영초등,부산광역시 수영구 광서로16번길 33,,35.1661244,129.112038,부산광역시 수영구청,남부경찰서,Y,,6,2023-06-13
초등학교,호암초등,부산광역시 수영구 호암로 57,,35.15816402,129.106338,부산광역시 수영구청,남부경찰서,Y,,6,2023-06-13
유치원,금련사유치원,부산광역시 수영구 광일로67번길 16,,35.16220888,129.1055151,부산광역시 수영구청,남부경찰서,Y,,6~16,2023-06-13
유치원,옥련유치원,부산광역시 수영구 광남로257번길 58(민락동),,35.16136852,129.126575,부산광역시 수영구청,남부경찰서,Y,,6~8,2023-06-13
유치원,나은유치원,부산광역시 수영구 망미번영로13번길 45,,35.16891594,129.105372,부산광역시 수영구청,남부경찰서,Y,,6,2023-06-13
유치원,남부산유치원,부산광역시 수영구 광남로48번길 41,,35.14627775,129.1139995,부산광역시 수영구청,남부경찰서,Y,,8,2023-06-13
유치원,명성유치원,부산광역시 수영구 망미번영로 88,,35.174976,129.111513,부산광역시 수영구청,연제경찰서,Y,,6~10,2023-06-13
유치원,백산자연유치원,부산광역시 수영구 무학로69번길 66,,35.16416005,129.120504,부산광역시 수영구청,남부경찰서,Y,,6~12,2023-06-13
유치원,분도유치원,부산광역시 수영구 수영로497번길 18,,35.151155,129.110711,부산광역시 수영구청,남부경찰서,Y,,6~8,2023-06-13
유치원,성모유치원,부산광역시 수영구 민락본동로27번길 15,,35.158778,129.127833,부산광역시 수영구청,남부경찰서,Y,,6~20,2023-06-13
유치원,수영로유치원,부산광역시 수영구 수영로679번길 9,,35.16638033,129.114368,부산광역시 수영구청,남부경찰서,Y,,8,2023-06-13
유치원,에버그린,부산광역시 수영구 망미배산로 104-7,,35.17568303,129.0967838,부산광역시 수영구청,연제경찰서,Y,,6,2023-06-13
유치원,남천유치원,부산광역시 수영구 남천서로14(남천동),,35.14351616,129.1071266,부산광역시 수영구청,남부경찰서,Y,,4~12,2023-06-13
유치원,천사유치원,부산광역시 수영구 수영로427번길 15,,35.144304,129.1082535,부산광역시 수영구청,남부경찰서,Y,,4~12,2023-06-13
유치원,평화유치원,부산광역시 수영구 연수로312번길 2,,35.171675,129.1043065,부산광역시 수영구청,연제경찰서,N,,4~12,2023-06-13
유치원,호암유치원,부산광역시 수영구 수영로545번길 29,,35.154799,129.110787,부산광역시 수영구청,남부경찰서,Y,,6~8,2023-06-13
유치원,경은유치원,부산광역시 수영구 무학로63번길 110(민락동),,35.16592721,129.1192309,부산광역시 수영구청,남부경찰서,Y,,6~12,2023-06-13
어린이집,영주암어린이집,부산광역시 수영구 망미배산로76번나길 11,,35.17638465,129.099125,부산광역시 수영구청,연제경찰서,Y,,6~8,2023-06-13
어린이집,광안,부산광역시 수영구 광일로29번가길 66,,35.160923,129.107123,부산광역시 수영구청,남부경찰서,Y,,6,2023-06-13
어린이집,도산,부산광역시 수영구 무학로63번길 5,,35.161442,129.120507,부산광역시 수영구청,남부경찰서,Y,1,6~20,2023-06-13
어린이집,동성큰사랑어린이집,부산광역시 수영구 황령산로8번길 6,,35.14779554,129.109744,부산광역시 수영구청,남부경찰서,Y,,6~8,2023-06-13
어린이집,수아&영이어린이집,부산광역시 수영구 광안로35번길 9,,35.15601405,129.116138,부산광역시 수영구청,남부경찰서,Y,,6,2023-06-13
어린이집,수영동산어린이집,부산광역시 수영구 망미번영로70번길 155,,35.16923128,129.1160253,부산광역시 수영구청,연제경찰서,Y,1,6,2023-06-13
어린이집,중앙어린이집,부산광역시 수영구 황령산로 42,,35.14929409,129.106525,부산광역시 수영구청,남부경찰서,N,,8,2023-06-13
어린이집,바다빛어린이집,부산광역시 수영구 민락수변로7번길 60,,35.15551931,129.1265241,부산광역시 수영구청,남부경찰서,Y,,7~11,2023-06-13
유치원,수영초교병설유치원,부산광역시 수영구 광서로16번길 33(광안동),,35.1661244,129.112038,부산광역시 수영구청,남부경찰서,Y,,6,2023-06-13
유치원,광안초교병설유치원,부산광역시 수영구 광안로21번가길 38,,35.15652651,129.1171796,부산광역시 수영구청,남부경찰서,Y,,5~16,2023-06-13
유치원,민락초교병설유치원,부산광역시 수영구 광남로257번길 12(민락동),,35.1609477,129.126942,부산광역시 수영구청,남부경찰서,Y,,6~8,2023-06-13
유치원,광남초교병설유치원,부산광역시 수영구 광안해변로 115(남천2동),,35.14507176,129.1134247,부산광역시 수영구청,남부경찰서,Y,,4~8,2023-06-13
초등학교,남성초등학교,부산광역시 중구 샘길 14,부산광역시 중구 대청동1가 10,35.10571479,129.0344121,부산광역시 중구청,부산중부경찰서,Y,5,3~20,2023-09-06
초등학교,보수초등학교,부산광역시 중구 흑교로 74,부산광역시 중구 보수동1가 50-1,35.10607045,129.0242806,부산광역시 중구청,부산중부경찰서,Y,3,5~20,2023-09-06
초등학교,광일초등학교,부산광역시 중구 중구로 74,부산광역시 중구 대청동4가 95,35.10400525,129.0298609,부산광역시 중구청,부산중부경찰서,Y,2,4~14,2023-09-06
초등학교,봉래초등학교,부산광역시 중구 대영로226번길 15,부산광역시 중구 영주동 582-2,35.11139656,129.0355679,부산광역시 중구청,부산중부경찰서,Y,3,4~15,2023-09-06
어린이집,노틀담어린이집,부산광역시 중구 망양로 309,부산광역시 중구 대청동4가 75-7,35.10578438,129.0282389,부산광역시 중구청,부산중부경찰서,Y,1,8~10,2023-09-06
어린이집,대청어린이집,부산광역시 중구 망양로383번안길 25,부산광역시 중구 영주동222-2,35.11033945,129.0293914,부산광역시 중구청,부산중부경찰서,Y,1,7.5,2023-09-06
어린이집,영주어린이집,부산광역시 중구 망양로 396,부산광역시 중구 영주동 160,35.11186507,129.0295565,부산광역시 중구청,부산중부경찰서,Y,1,7~8,2023-09-06
어린이집,다사랑어린이집,부산광역시 중구 보수대로140번길 61,부산광역시 중구 보수동1가 48-2,35.10618152,129.024695,부산광역시 중구청,부산중부경찰서,Y,1,5,2023-09-06
유치원,숲속리더유치원,부산광역시 중구 책방골목길 17-12,부산광역시 중구 보수동1가 145-19,35.10376001,129.0272895,부산광역시 중구청,부산중부경찰서,Y,2,6~8,2023-09-06
유치원,광일초등학교병설유치원,부산광역시 중구 중구로 74,부산광역시 중구 대청동4가 95,35.10400525,129.0298609,부산광역시 중구청,부산중부경찰서,Y,2,4~5,2023-09-06
유치원,봉래초등학교병설유치원,부산광역시 중구 대영로226번길 15,부산광역시 중구 영주동 582-2,35.11139656,129.0355679,부산광역시 중구청,부산중부경찰서,Y,3,4~15,2023-09-06
특수학교,혜송학교,부산광역시 서구 천마로50번길 1,부산광역시 서구 남부민동 611-43,35.08187619,129.0225205,부산광역시 서구,서부경찰서,Y,1,4~12,2023-08-11
초등학교,부민초등학교,부산광역시 서구 고운들로 12,부산광역시 서구 부용동2가 11,35.10597015,129.0199224,부산광역시 서구,서부경찰서,Y,2,6~20,2023-08-11
유치원,놀이아유치원,부산광역시 서구 부용로32번길 9,부산광역시 서구 부용동2가 39,35.10746281,129.018361,부산광역시 서구,서부경찰서,N,,8~12,2023-08-11
유치원,내원정사유치원,부산광역시 서구 대신공원로 32,부산광역시 서구 서대신동3가 6-1,35.1200013,129.0187421,부산광역시 서구,서부경찰서,N,,4~10,2023-08-11
유치원,노틀담유치원,부산광역시 서구 임시수도기념로 61-32,부산광역시 서구 부민동3가 22,35.10275932,129.0168341,부산광역시 서구,서부경찰서,N,,4~12,2023-08-11
유치원,영락유치원,부산광역시 서구 대청로 8,부산광역시 서구 부민동1가 22-1,35.10312312,129.020921,부산광역시 서구,서부경찰서,N,,6~20,2023-08-11
초등학교,아미초등학교,부산광역시 서구 해돋이로 241,부산광역시 서구 아미동2가 89,35.09811433,129.0163118,부산광역시 서구,서부경찰서,Y,1,6~12,2023-08-11
초등학교,남부민초등학교,부산광역시 서구 천마로 153,부산광역시 서구 남부민동 76,35.08941809,129.0233338,부산광역시 서구,서부경찰서,Y,1,4~12,2023-08-11
초등학교,대신초등학교,부산광역시 서구 대신로 63,부산광역시 서구 서대신동3가 195,35.11618072,129.0117821,부산광역시 서구,서부경찰서,Y,1,4~20,2023-08-11
초등학교,화랑초등학교,부산광역시 서구 대영로86번길 56,부산광역시 서구 동대신동1가 348,35.10824222,129.0205048,부산광역시 서구,서부경찰서,Y,1,6~30,2023-08-11
초등학교,동신초등학교,부산광역시 서구 대영로85번길 81-19,부산광역시 서구 동대신동3가 315,35.11386005,129.017591,부산광역시 서구,서부경찰서,N,,6~25,2023-08-11
초등학교,천마초등학교,부산광역시 서구 천해로7번길 38,부산광역시 서구 암남동 81-11,35.081681,129.0182396,부산광역시 서구,서부경찰서,N,,6~12,2023-08-11
어린이집,으뜸어린이집(아동종합보호센터),부산광역시 서구 까치고개로 183,부산광역시 서구 아미동2가 127,35.10019443,129.0158674,부산광역시 서구,서부경찰서,N,,6~20,2023-08-11
유치원,남부민초등학교 병설유치원,부산광역시 서구 천마로 153,부산광역시 서구 남부민동 76,35.08941809,129.0233338,부산광역시 서구,서부경찰서,N,,4~12,2023-08-11
유치원,동신초등학교 병설유치원,부산광역시 서구 대영로85번길 81-19,부산광역시 서구 동대신동3가 315,35.11386005,129.0175903,부산광역시 서구,서부경찰서,N,,6~25,2023-08-11
유치원,마리아유치원,부산광역시 서구 구덕로333번길 36,부산광역시 서구 서대신동3가 319,35.11318735,129.0142573,부산광역시 서구,서부경찰서,N,,6~15,2023-08-11
유치원,푸른유치원,부산광역시 서구 남부민로 34,부산광역시 서구 남부민동 300,35.08439865,129.0232186,부산광역시 서구,서부경찰서,N,,4~12,2023-08-11
초등학교,토성초등학교,부산광역시 서구 구덕로134번길 45,부산광역시 서구 토성동2가 25,35.09924271,129.0212827,부산광역시 서구,서부경찰서,Y,1,8~20,2023-08-11
초등학교,송도초등학교,부산광역시 서구 충무대로 25,부산광역시 서구 암남동 313,35.07835411,129.0160446,부산광역시 서구,서부경찰서,Y,2,4~15,2023-08-11
초등학교,구덕초등학교,부산광역시 서구 보수대로 312,부산광역시 서구 서대신동3가 41-1,35.120431,129.0125312,부산광역시 서구,서부경찰서,Y,2,4~25,2023-08-11
어린이집,가람어린이집,부산광역시 서구 해돋이로 420,부산광역시 서구 서대신동2가 500-61,35.108271,129.009521,부산광역시 서구,서부경찰서,N,,4~12,2023-08-11
어린이집,천마어린이집,부산광역시 서구 천해로13번길 58,부산광역시 서구 남부민동 609-208,35.082031,129.0178683,부산광역시 서구,서부경찰서,N,,6~12,2023-08-11
초등학교,알로이시오초등학교,부산광역시 서구 천해로13번길 16-9,부산광역시 서구 암남동 2-18,35.08331635,129.0163674,부산광역시 서구,서부경찰서,Y,1,5~12,2023-08-11
유치원,토성초등학교,부산광역시 서구 구덕로134번길 45,부산광역시 서구 토성동2가 25,35.09924271,129.0212827,부산광역시 서구,서부경찰서,Y,1,8~20,2023-08-11
어린이집,개원어린이집,부산광역시 부산진구 백양관문로77번길 33,부산광역시 부산진구 개금동 1-19,35.16450196,129.0277604,부산광역시 부산진구청,부산진경찰서,Y,1,,2023-07-07
어린이집,부산광역시청어린이집,부산광역시 부산진구 거제천로40번길 31,부산광역시 부산진구 양정동 250-1,35.1792288,129.0727223,부산광역시 부산진구청,부산진경찰서,Y,1,,2023-07-07
어린이집,부산진구 사회복지관어린이집,부산광역시 부산진구 복지로 117-12,부산광역시 부산진구 개금동 산 57-9,35.1426032,129.0201649,부산광역시 부산진구청,부산진경찰서,Y,1,,2023-07-07
어린이집,양정삼성어린이집,부산광역시 부산진구 연수로11번길 34,부산광역시 부산진구 양정동 271-18,35.17479967,129.0737388,부산광역시 부산진구청,부산진경찰서,Y,1,,2023-07-07
어린이집,한빛어린이집,부산광역시 부산진구 동평로39번길 106,부산광역시 부산진구 당감동 633-1,35.1676615,129.0292801,부산광역시 부산진구청,부산진경찰서,Y,4,,2023-07-07
어린이집,초원사랑어린이집,부산광역시 부산진구 가야대로 635-20,부산광역시 부산진구 당감동 109-1,35.1569219,129.0422729,부산광역시 부산진구청,부산진경찰서,Y,1,,2023-07-07
어린이집,당감복지관 나리어린이집,부산광역시 부산진구 당감서로 16,부산광역시 부산진구 당감동 818-220,35.162359,129.0366013,부산광역시 부산진구청,부산진경찰서,Y,1,,2023-07-07
어린이집,연지꿈동산어린이집,부산광역시 부산진구 성지로51번길 24,부산광역시 부산진구 연지동 10-4,35.17576988,129.0538634,부산광역시 부산진구청,부산진경찰서,Y,1,,2023-07-07
유치원,개금유치원,부산광역시 부산진구 냉정로178번길 13,부산광역시 부산진구 개금동 835,35.14933558,129.0196731,부산광역시 부산진구청,부산진경찰서,Y,2,,2023-07-07
유치원,예종유치원(구.초읍유치원),부산광역시 부산진구 성지로 116,부산광역시 부산진구 초읍동 178-6,35.18046668,129.0515273,부산광역시 부산진구청,부산진경찰서,Y,1,,2023-07-07
유치원,춘해유치원,부산광역시 부산진구 안창로14번길 78,부산광역시 부산진구 범천동 1536,35.1461264,129.0433841,부산광역시 부산진구청,부산진경찰서,N,,,2023-07-07
유치원,큰별유치원,부산광역시 부산진구 백양대로260번길 16,부산광역시 부산진구 개금동 419-3,35.1565111,129.0222699,부산광역시 부산진구청,부산진경찰서,N,,,2023-07-07
유치원,한사랑유치원,부산광역시 부산진구 양지로11번길 64,부산광역시 부산진구 양정동 345-2,35.1714866,129.0717271,부산광역시 부산진구청,부산진경찰서,Y,1,,2023-07-07
유치원,현대일신유치원,부산광역시 부산진구 거제대로 37,부산광역시 부산진구 양정동 458-20,35.17075418,129.0664592,부산광역시 부산진구청,부산진경찰서,Y,1,,2023-07-07
유치원,화승유치원,부산광역시 부산진구 당감로 79,부산광역시 부산진구 부암동 500,35.16840379,129.0373261,부산광역시 부산진구청,부산진경찰서,Y,1,,2023-07-07
유치원,화인유치원,부산광역시 부산진구 성지로14번길 65,부산광역시 부산진구 연지동 50-6,35.17282726,129.0586357,부산광역시 부산진구청,부산진경찰서,Y,1,,2023-07-07
유치원,해바라기자연유치원,부산광역시 부산진구 개금본동로9번길 41,부산광역시 부산진구 개금동 237-1,35.1571185,129.0235693,부산광역시 부산진구청,부산진경찰서,Y,1,,2023-07-07
유치원,금란유치원,부산광역시 부산진구 백양관문로 25-29,부산광역시 부산진구 개금동 53-5,35.1608238,129.0294651,부산광역시 부산진구청,부산진경찰서,Y,1,,2023-07-07
유치원,금샘유치원,부산광역시 부산진구 화지로 6,부산광역시 부산진구 양정동 455,35.1755761,129.0640828,부산광역시 부산진구청,부산진경찰서,Y,1,,2023-07-07
유치원,미소유치원(구.나무와아이들),부산광역시 부산진구 백양관문로 112,부산광역시 부산진구 당감동 791,35.16859825,129.0276734,부산광역시 부산진구청,부산진경찰서,Y,1,,2023-07-07
유치원,늘푸른유치원,부산광역시 부산진구 복지로 70,부산광역시 부산진구 개금동 618-2,35.14743748,129.0196358,부산광역시 부산진구청,부산진경찰서,Y,1,,2023-07-07
유치원,다원유치원,부산광역시 부산진구 성지로74번길 60,부산광역시 부산진구 초읍동 529-46,35.1790061,129.0563305,부산광역시 부산진구청,부산진경찰서,Y,1,,2023-07-07
유치원,당감미리내유치원,부산광역시 부산진구 백양순환로18번길 36,부산광역시 부산진구 당감동 689,35.1662387,129.0352533,부산광역시 부산진구청,부산진경찰서,Y,1,,2023-07-07
유치원,당감초등학교 병설유치원,부산광역시 부산진구 당감로 22-5,부산광역시 부산진구 당감동 271,35.16428339,129.0412435,부산광역시 부산진구청,부산진경찰서,Y,4,,2023-07-07
유치원,당평초등학교 병설유치원,부산광역시 부산진구 백양대로136번길 26,부산광역시 부산진구 당감동 517,35.16143614,129.0351726,부산광역시 부산진구청,부산진경찰서,Y,1,,2023-07-07
유치원,동성유치원,부산광역시 부산진구 동성로 26,부산광역시 부산진구 전포동 358-56,35.15268626,129.0695011,부산광역시 부산진구청,부산진경찰서,Y,1,,2023-07-07
유치원,벽산유치원,부산광역시 부산진구 엄광로 122,부산광역시 부산진구 가야동 669-9,35.14746351,129.0281362,부산광역시 부산진구청,부산진경찰서,Y,1,,2023-07-07
유치원,부산여대부속유치원,부산광역시 부산진구 진남로 506,부산광역시 부산진구 양정동 74-161,35.16923829,129.0720573,부산광역시 부산진구청,부산진경찰서,Y,1,,2023-07-07
유치원,부산진유치원,부산광역시 부산진구 범천로 30,부산광역시 부산진구 범천동 890-1,35.1499601,129.0562654,부산광역시 부산진구청,부산진경찰서,Y,3,,2023-07-07
유치원,빛나라유치원,부산광역시 부산진구 엄광로182번길 15-14,부산광역시 부산진구 가야동 464-84,35.1469879,129.0353397,부산광역시 부산진구청,부산진경찰서,N,,,2023-07-07
유치원,새동유치원,부산광역시 부산진구 동평로183번길 114,부산광역시 부산진구 연지동 353-9,35.1720278,129.0487216,부산광역시 부산진구청,부산진경찰서,N,,,2023-07-07
유치원,서면원광유치원,부산광역시 부산진구 시민공원로19번길 62,부산광역시 부산진구 부암동 80-39,35.1661393,129.0515033,부산광역시 부산진구청,부산진경찰서,Y,2,,2023-07-07
유치원,선암유치원,부산광역시 부산진구 신암로 97,부산광역시 부산진구 범천동 1230-65,35.1497283,129.0522612,부산광역시 부산진구청,부산진경찰서,Y,1,,2023-07-07
유치원,성북초등학교 병설유치원,부산광역시 부산진구 황령대로 79,부산광역시 부산진구 전포동 364-1,35.15124225,129.0681859,부산광역시 부산진구청,부산진경찰서,Y,1,,2023-07-07
유치원,성지유치원,부산광역시 부산진구 백양산로 23,부산광역시 부산진구 당감동 782-1,35.17142269,129.0328583,부산광역시 부산진구청,부산진경찰서,Y,3,,2023-07-07
유치원,성지초등학교 병설유치원,부산광역시 부산진구 시민공원로74번길 50,부산광역시 부산진구 범전동 228-17,35.1637504,129.0564954,부산광역시 부산진구청,부산진경찰서,Y,4,,2023-07-07
유치원,양정유치원,부산광역시 부산진구 양지로5번길 31,부산광역시 부산진구 양정동 353-3,35.1711433,129.0702889,부산광역시 부산진구청,부산진경찰서,Y,5,,2023-07-07
유치원,양정원광유치원,부산광역시 부산진구 양지로17번길 28,부산광역시 부산진구 양정동 356-26,35.1697015,129.0710592,부산광역시 부산진구청,부산진경찰서,N,0,,2023-07-07
유치원,양정현대유치원,부산광역시 부산진구 동평로 350,부산광역시 부산진구 양정동 511-3,35.17449296,129.0632237,부산광역시 부산진구청,부산진경찰서,Y,1,,2023-07-07
유치원,엘지유치원,부산광역시 부산진구 백양대로300번길 30,부산광역시 부산진구 개금동 455,35.1558931,129.0183964,부산광역시 부산진구청,부산진경찰서,Y,1,,2023-07-07
유치원,영림유치원,부산광역시 부산진구 냉정로 199,부산광역시 부산진구 개금동 177-154,35.1506644,129.0216733,부산광역시 부산진구청,부산진경찰서,Y,5,,2023-07-07
유치원,전원유치원,부산광역시 부산진구 당감로 118,부산광역시 부산진구 부암동 560-19,35.17297732,129.0369442,부산광역시 부산진구청,부산진경찰서,Y,1,,2023-07-07
유치원,전포유치원,부산광역시 부산진구 전포대로255번길 38,부산광역시 부산진구 전포동 656-1,35.1594596,129.0633334,부산광역시 부산진구청,부산진경찰서,Y,1,,2023-07-07
유치원,주례초등학교 병설유치원,부산광역시 부산진구 진사로61번길 28-7,부산광역시 부산진구 개금동 630-5,35.1457956,129.0194669,부산광역시 부산진구청,부산진경찰서,Y,4,,2023-07-07
유치원,초예유치원,부산광역시 부산진구 월드컵대로449번길 44-6,부산광역시 부산진구 초읍동 475,35.1814958,129.0505055,부산광역시 부산진구청,부산진경찰서,N,,,2023-07-07
유치원,화승예그린 유치원,부산광역시 부산진구 백양순환로 70-11,부산광역시 부산진구 당감동 775-2,35.16954693,129.0349402,부산광역시 부산진구청,부산진경찰서,Y,1,,2023-07-07
유치원,개림초 병설유치원,부산광역시 부산진구 백양대로320번길 40,부산광역시 부산진구 개금동 446-14,35.15632411,129.0161905,부산광역시 부산진구청,부산진경찰서,Y,1,,2023-07-07
유치원,부전초 병설유치원,부산광역시 부산진구 부전로65번길 25,부산광역시 부산진구 부전동 450-1,35.15495135,129.0531116,부산광역시 부산진구청,부산진경찰서,Y,2,,2023-07-07
초등학교,가남초등학교,부산광역시 부산진구 엄광로 325,부산광역시 부산진구 가야동 12,35.15451684,129.0440636,부산광역시 부산진구청,부산진경찰서,Y,1,,2023-07-07
초등학교,가산초등학교,부산광역시 부산진구 엄광로182번길 49,부산광역시 부산진구 가야동 464-99,35.1463446,129.0354733,부산광역시 부산진구청,부산진경찰서,Y,1,,2023-07-07
초등학교,가야초등학교,부산광역시 부산진구 대학로 16-1,부산광역시 부산진구 가야동 272,35.15386472,129.0365553,부산광역시 부산진구청,부산진경찰서,Y,2,,2023-07-07
초등학교,가평초등학교,부산광역시 부산진구 가야대로482번길 87,부산광역시 부산진구 가야동 649-19,35.14887656,129.0257663,부산광역시 부산진구청,부산진경찰서,Y,2,,2023-07-07
초등학교,개금초등학교,부산광역시 부산진구 가야대로443번길 25-10,부산광역시 부산진구 개금동 467-1,35.15452362,129.0195948,부산광역시 부산진구청,부산진경찰서,Y,1,,2023-07-07
초등학교,개림초등학교,부산광역시 부산진구 백양대로320번길 40,부산광역시 부산진구 개금동 446-14,35.15631983,129.0161767,부산광역시 부산진구청,부산진경찰서,Y,1,,2023-07-07
초등학교,개원초등학교,부산광역시 부산진구 백양관문로77번길 17,부산광역시 부산진구 개금동 1-18,35.1645759,129.0284098,부산광역시 부산진구청,부산진경찰서,Y,3,,2023-07-07
초등학교,개포초등학교,부산광역시 부산진구 백양대로208번길 9,부산광역시 부산진구 개금동 58,35.15883106,129.0265628,부산광역시 부산진구청,부산진경찰서,Y,3,,2023-07-07
초등학교,개화초등학교,부산광역시 부산진구 개금본동로66번길 12-12,부산광역시 부산진구 개금동 404,35.15857487,129.020698,부산광역시 부산진구청,부산진경찰서,Y,4,,2023-07-07
초등학교,당감초등학교,부산광역시 부산진구 당감로 22-5,부산광역시 부산진구 당감동 271,35.16428339,129.0412435,부산광역시 부산진구청,부산진경찰서,Y,4,,2023-07-07
초등학교,당평초등학교,부산광역시 부산진구 백양대로136번길 26,부산광역시 부산진구 당감동 517,35.16143614,129.0351726,부산광역시 부산진구청,부산진경찰서,Y,1,,2023-07-07
초등학교,동성초등학교,부산광역시 부산진구 동성로 26,부산광역시 부산진구 전포동 358-56,35.15268626,129.0695011,부산광역시 부산진구청,부산진경찰서,Y,2,,2023-07-07
초등학교,동양초등학교,부산광역시 부산진구 백양산로 99,부산광역시 부산진구 부암동 719,35.17669331,129.0307457,부산광역시 부산진구청,부산진경찰서,Y,1,,2023-07-07
초등학교,동원초등학교,부산광역시 부산진구 백양산로 43,부산광역시 부산진구 당감동 786-2,35.17320132,129.0311197,부산광역시 부산진구청,부산진경찰서,Y,2,,2023-07-07
초등학교,동평초등학교,부산광역시 부산진구 당감서로65번길 31,부산광역시 부산진구 당감동 705-1,35.16770975,129.0352983,부산광역시 부산진구청,부산진경찰서,Y,6,,2023-07-07
초등학교,부산진초등학교,부산광역시 부산진구 범천로 30,부산광역시 부산진구 범천동 890-1,35.1499593,129.0562654,부산광역시 부산진구청,부산진경찰서,Y,4,,2023-07-07
초등학교,부암초등학교,부산광역시 부산진구 신천대로263번길 26,부산광역시 부산진구 부암동 275,35.16499117,129.0487727,부산광역시 부산진구청,부산진경찰서,Y,3,,2023-07-07
초등학교,부전초등학교,부산광역시 부산진구 부전로65번길 25,부산광역시 부산진구 부전동 450-1,35.15495135,129.0531116,부산광역시 부산진구청,부산진경찰서,Y,2,,2023-07-07
초등학교,선암초등학교,부산광역시 부산진구 엄광로 412,부산광역시 부산진구 범천동 1223-27,35.14936736,129.0488766,부산광역시 부산진구청,부산진경찰서,Y,1,,2023-07-07
초등학교,성북초등학교,부산광역시 부산진구 황령대로 79,부산광역시 부산진구 전포동 364-1,35.15124225,129.0681859,부산광역시 부산진구청,부산진경찰서,Y,4,,2023-07-07
초등학교,성서초등학교,부산광역시 부산진구 중앙번영로 25,부산광역시 부산진구 범천동 851-6,35.14505123,129.0623377,부산광역시 부산진구청,부산진경찰서,Y,3,,2023-07-07
초등학교,성전초등학교,부산광역시 부산진구 전포대로298번길 15,부산광역시 부산진구 전포동 164-8,35.16398992,129.0663626,부산광역시 부산진구청,부산진경찰서,Y,2,,2023-07-07
초등학교,성지초등학교,부산광역시 부산진구 시민공원로 62,부산광역시 부산진구 범전동 229-1,35.1646683,129.0569618,부산광역시 부산진구청,부산진경찰서,Y,1,,2023-07-07
초등학교,양동초등학교,부산광역시 부산진구 황령산로605번길 35-10,부산광역시 부산진구 양정동 24,35.1715209,129.0810654,부산광역시 부산진구청,부산진경찰서,Y,1,,2023-07-07
초등학교,양성초등학교,부산광역시 부산진구 양성로 34,부산광역시 부산진구 양정동 445-386,35.1703567,129.0660935,부산광역시 부산진구청,부산진경찰서,Y,1,,2023-07-07
초등학교,양정초등학교,부산광역시 부산진구 중앙대로941번길 24,부산광역시 부산진구 양정동 273-8,35.17493602,129.0704415,부산광역시 부산진구청,부산진경찰서,Y,4,,2023-07-07
초등학교,연지초등학교,부산광역시 부산진구 연지로 29,부산광역시 부산진구 연지동 238-4,35.17270999,129.0521358,부산광역시 부산진구청,부산진경찰서,Y,1,,2023-07-07
초등학교,연학초등학교,부산광역시 부산진구 초읍천로43번길 10,부산광역시 부산진구 초읍동 117-1,35.17660838,129.0462806,부산광역시 부산진구청,부산진경찰서,Y,2,,2023-07-07
초등학교,전포초등학교,부산광역시 부산진구 전포대로255번길 38,부산광역시 부산진구 전포동 656-1,35.1594596,129.0633334,부산광역시 부산진구청,부산진경찰서,Y,2,,2023-07-07
초등학교,주례초등학교,부산광역시 부산진구 진사로61번길 28-7,부산광역시 부산진구 개금동 630-5,35.1457956,129.0194669,부산광역시 부산진구청,부산진경찰서,Y,4,,2023-07-07
초등학교,주원초등학교,부산광역시 부산진구 복지로 71,부산광역시 부산진구 개금동 565-14,35.147258,129.0208064,부산광역시 부산진구청,부산진경찰서,Y,1,,2023-07-07
초등학교,초읍초등학교,부산광역시 부산진구 성지로104번길 26,부산광역시 부산진구 초읍동 540,35.18074569,129.053993,부산광역시 부산진구청,부산진경찰서,Y,2,,2023-07-07
어린이집,BR스쿨어린이집,부산광역시 동래구 쇠미로27번길 10 (사직동) BR스쿨어린이집,부산광역시 동래구 사직동 981-7,35.19672651,129.0533438,부산광역시 동래구,부산동래경찰서,N,,22,2023-11-11
유치원,SK뜰에유치원,"부산광역시 동래구 충렬대로 487 (안락동, 안락 SK아파트) SK뜰에유치원",부산광역시 동래구 안락동 472-57,35.19481646,129.1118476,부산광역시 동래구,부산동래경찰서,N,,12,2023-11-11
초등학교,교동초등학교,부산광역시 동래구 시실로 73-13 (명륜동) 교동초등학교,부산광역시 동래구 명륜동 105-1,35.21545808,129.0921765,부산광역시 동래구,부산동래경찰서,Y,1,12,2023-11-11
유치원,교동초등학교병설유치원,부산광역시 동래구 시실로 73-13 (명륜동) 교동초등학교병설유치원,부산광역시 동래구 명륜동 105-1,35.21545808,129.0921765,부산광역시 동래구,부산동래경찰서,N,,12,2023-11-11
초등학교,금강초등학교,부산광역시 동래구 사직북로28번길 125 (온천동) 금강초등학교,부산광역시 동래구 온천동 1263,35.2031347,129.0641112,부산광역시 동래구,부산동래경찰서,Y,5,31,2023-11-11
초등학교,낙민초등학교,부산광역시 동래구 충렬대로272번길 34 (낙민동) 낙민초등학교,부산광역시 동래구 낙민동 303,35.19942578,129.088343,부산광역시 동래구,부산동래경찰서,Y,5,18,2023-11-11
유치원,낙민초등학교병설유치원,부산광역시 동래구 충렬대로272번길 34 (낙민동) 낙민초등학교병설유치원,부산광역시 동래구 낙민동 303,35.19942578,129.088343,부산광역시 동래구,부산동래경찰서,N,,18,2023-11-11
초등학교,내산초등학교,부산광역시 동래구 중앙대로1335번길 38 (온천동) 내산초등학교,부산광역시 동래구 온천동 700-1,35.20735793,129.0766352,부산광역시 동래구,부산동래경찰서,Y,1,9,2023-11-11
초등학교,내성초등학교,부산광역시 동래구 동래로 173 (복천동) 내성초등학교,부산광역시 동래구 복천동 72,35.20461583,129.0897914,부산광역시 동래구,부산동래경찰서,Y,1,12,2023-11-11
유치원,내성초등학교병설유치원,부산광역시 동래구 동래로 173 (복천동) 내성초등학교병설유치원,부산광역시 동래구 복천동 72,35.20461583,129.0897374,부산광역시 동래구,부산동래경찰서,N,,12,2023-11-11
유치원,느티나무유치원,부산광역시 동래구 온천천로453번길 6 (안락동) 느티나무유치원,부산광역시 동래구 안락동 221-7,35.19155774,129.1028193,부산광역시 동래구,부산동래경찰서,N,,9,2023-11-11
초등학교,달북초등학교,부산광역시 동래구 쇠미로 131 (온천동) 달북초등학교,부산광역시 동래구 온천동 1608-2,35.20357435,129.0599975,부산광역시 동래구,부산동래경찰서,Y,3,20,2023-11-11
유치원,동래유치원,부산광역시 동래구 동래로152번가길 21-9 (칠산동) 동래유치원,부산광역시 동래구 칠산동 246,35.20316736,129.088301,부산광역시 동래구,부산동래경찰서,Y,1,8,2023-11-11
유치원,럭키동래유치원,부산광역시 동래구 중앙대로1367번길 85 (온천동) 럭키동래유치원,부산광역시 동래구 온천동 707-4,35.2100912,129.0734827,부산광역시 동래구,부산동래경찰서,N,,20,2023-11-11
초등학교,명동초등학교,부산광역시 동래구 명장로63번길 60-5 (명장동) 명동초등학교,부산광역시 동래구 명장동 433-2,35.20759141,129.1062471,부산광역시 동래구,부산동래경찰서,Y,2,9,2023-11-11
유치원,명륜자연유치원,부산광역시 동래구 명륜로250번길 43 (명륜동) 명륜자연유치원,부산광역시 동래구 명륜동 32-71,35.21515222,129.0870207,부산광역시 동래구,부산동래경찰서,N,,5,2023-11-11
초등학교,명륜초등학교,부산광역시 동래구 동래로 91 (명륜동) 명륜초등학교,부산광역시 동래구 명륜동 228,35.20803548,129.0832699795,부산광역시 동래구,부산동래경찰서,Y,4,20,2023-11-11
초등학교,명서초등학교,부산광역시 동래구 명서로 121 (명장동) 명서초등학교,부산광역시 동래구 명장동 502-1,35.21207663,129.1008778,부산광역시 동래구,부산동래경찰서,N,,18,2023-11-11
초등학교,명장초등학교,부산광역시 동래구 복천로 121 (명장동) 명장초등학교,부산광역시 동래구 명장동 273-1,35.20819025,129.0965594,부산광역시 동래구,부산동래경찰서,Y,2,13,2023-11-11
초등학교,미남초등학교,부산광역시 동래구 충렬대로100번길 83 (온천동) 미남초등학교,부산광역시 동래구 온천동 1460-1,35.20368445,129.0728408,부산광역시 동래구,부산동래경찰서,Y,2,9,2023-11-11
유치원,법륜유치원,부산광역시 동래구 동래로 160 (칠산동) 법륜유치원,부산광역시 동래구 칠산동 239-10,35.20358527,129.0879172,부산광역시 동래구,부산동래경찰서,Y,1,15,2023-11-11
어린이집,부산경찰청직장어린이집,부산광역시 동래구 쇠미로17번길 8 (사직동) 부산경찰청어린이집,부산광역시 동래구 사직동 981-62,35.19585803,129.0534731,부산광역시 동래구,부산동래경찰서,Y,2,16,2023-11-11
특수학교,부산맹학교,부산광역시 동래구 충렬사로67번길 56 (명장동) 부산맹학교,부산광역시 동래구 명장동 263-5,35.20686112,129.0970552,부산광역시 동래구,부산동래경찰서,N,,10,2023-11-11
유치원,쁘띠쁘아유치원,부산광역시 동래구 쇠미로129번길 102-13 (온천동) 쁘띠쁘아유치원,부산광역시 동래구 온천동 1657-7,35.20713307,129.0577378,부산광역시 동래구,부산동래경찰서,N,,6,2023-11-11
유치원,사직유치원,부산광역시 동래구 사직북로34번길 62 (사직동) 사직유치원,부산광역시 동래구 사직동 54-8,35.2005247,129.0627414,부산광역시 동래구,부산동래경찰서,N,,10,2023-11-11
유치원,사직자연유치원,"부산광역시 동래구 사직로 80 (사직동, 사직 쌍용 예가) 사직자연유치원",부산광역시 동래구 사직동 1017,35.19662799,129.057506,부산광역시 동래구,부산동래경찰서,Y,1,16,2023-11-11
초등학교,사직초등학교,부산광역시 동래구 쇠미로81번길 7 (사직동) 사직초등학교,부산광역시 동래구 사직동 592,35.20088135,129.0541694,부산광역시 동래구,부산동래경찰서,Y,4,23,2023-11-11
유치원,세명유치원,부산광역시 동래구 안락로101번길 42 (명장동) 세명유치원,부산광역시 동래구 명장동 612-5,35.20129139,129.1082182,부산광역시 동래구,부산동래경찰서,N,,10,2023-11-11
유치원,수안유치원,부산광역시 동래구 충렬대로237번길 57 (수안동) 수안유치원,부산광역시 동래구 수안동 476-7,35.20376806,129.0847206,부산광역시 동래구,부산동래경찰서,N,,12,2023-11-11
초등학교,수안초등학교,부산광역시 동래구 온천천로 215 (수안동) 수안초등학교,부산광역시 동래구 수안동 7-1,35.20047925,129.0804245,부산광역시 동래구,부산동래경찰서,Y,1,12,2023-11-11
어린이집,스펀지어린이집,부산광역시 동래구 충렬대로410번길 41 (안락동) 스펀지어린이집,부산광역시 동래구 안락동 628-86,35.19467085,129.1025964,부산광역시 동래구,부산동래경찰서,Y,1,15,2023-11-11
유치원,스펀지유치원,"부산광역시 동래구 안남로 36 (낙민동, 중앙하이츠2단지) 스펀지유치원",부산광역시 동래구 낙민동 90-6,35.1942212,129.0957756,부산광역시 동래구,부산동래경찰서,N,,15,2023-11-11
어린이집,승원어린이집,부산광역시 동래구 아시아드대로108번길 75 (사직동) 승원어린이집,부산광역시 동래구 사직동 131-10,35.19514705,129.0705599,부산광역시 동래구,부산동래경찰서,N,,6,2023-11-11
유치원,승원유치원,부산광역시 동래구 아시아드대로108번길 85 (사직동) 승원유치원,부산광역시 동래구 사직동 131-5,35.19526435,129.071029,부산광역시 동래구,부산동래경찰서,Y,1,6,2023-11-11
유치원,아이숲유치원,부산광역시 동래구 옥봉로14번길 25 (명장동) 아이숲유치원,부산광역시 동래구 명장동 477-1,35.20988242,129.106808,부산광역시 동래구,부산동래경찰서,N,,8,2023-11-11
초등학교,안남초등학교,부산광역시 동래구 연안로 46 (안락동) 안남초등학교,부산광역시 동래구 안락동 175-16,35.19170351,129.1077338,부산광역시 동래구,부산동래경찰서,Y,7,28,2023-11-11
초등학교,안락초등학교,부산광역시 동래구 명안로53번길 22 (명장동) 안락초등학교,부산광역시 동래구 명장동 104-5,35.20200573,129.1030796,부산광역시 동래구,부산동래경찰서,Y,3,10,2023-11-11
유치원,안락초등학교병설유치원,부산광역시 동래구 명안로53번길 22 (명장동) 안락초등학교병설유치원,부산광역시 동래구 명장동 104-5,35.20200573,129.1030796,부산광역시 동래구,부산동래경찰서,N,,10,2023-11-11
초등학교,안민초등학교,부산광역시 동래구 온천천로381번길 19 (낙민동) 안민초등학교,부산광역시 동래구 낙민동 85-10,35.19402913,129.0937899,부산광역시 동래구,부산동래경찰서,Y,7,28,2023-11-11
유치원,안성자연유치원,부산광역시 동래구 명안로77번길 35 (명장동) 안성자연유치원,부산광역시 동래구 명장동 64-4,35.20377358,129.1023286,부산광역시 동래구,부산동래경찰서,N,,8,2023-11-11
초등학교,안진초등학교,부산광역시 동래구 안남로 63 (안락동) 안진초등학교,부산광역시 동래구 안락동 1252,35.19474507,129.0991293,부산광역시 동래구,부산동래경찰서,Y,3,18,2023-11-11
어린이집,양덕어린이집,부산광역시 동래구 여고로 46 (사직동) 양덕어린이집,부산광역시 동래구 사직동 115-3,35.1955337,129.0689369,부산광역시 동래구,부산동래경찰서,Y,2,24,2023-11-11
유치원,여고유치원,부산광역시 동래구 여고북로60번길 18 (사직동) 여고유치원,부산광역시 동래구 사직동 388,35.19981904,129.0678252,부산광역시 동래구,부산동래경찰서,N,,19,2023-11-11
초등학교,여고초등학교,부산광역시 동래구 여고로63번가길 12 (사직동) 여고초등학교,부산광역시 동래구 사직동 126-1,35.1979099,129.0689614,부산광역시 동래구,부산동래경찰서,Y,3,20,2023-11-11
어린이집,예능어린이집,부산광역시 동래구 동래로 139 (복천동) 예능어린이집,부산광역시 동래구 복천동 193-1,35.20518712,129.0867018,부산광역시 동래구,부산동래경찰서,Y,2,16,2023-11-11
유치원,예람유치원,부산광역시 동래구 충렬대로202번가길 24 (수안동) 예람유치원,부산광역시 동래구 수안동 2-3,35.20122548,129.0826542,부산광역시 동래구,부산동래경찰서,N,,8,2023-11-11
초등학교,예원초등학교,부산광역시 동래구 사직로 78 (사직동) 예원초등학교,부산광역시 동래구 사직동 1018,35.19588224,129.0573916,부산광역시 동래구,부산동래경찰서,Y,2,33,2023-11-11
유치원,예인유치원,"부산광역시 동래구 쇠미로 37 (사직동, 삼정그린코아) 예인유치원",부산광역시 동래구 사직동 981-100,35.19738003,129.0531522,부산광역시 동래구,부산동래경찰서,Y,1,20,2023-11-11
어린이집,예지어린이집,부산광역시 동래구 충렬대로100번길 117 (온천동) 10동 예지어린이집,부산광역시 동래구 온천동 1468-6,35.20205723,129.0730418,부산광역시 동래구,부산동래경찰서,N,,10,2023-11-11
초등학교,온천초등학교,부산광역시 동래구 충렬대로107번길 124 (온천동) 온천초등학교,부산광역시 동래구 온천동 397-4,35.21255477,129.0736773,부산광역시 동래구,부산동래경찰서,Y,4,20,2023-11-11
어린이집,주영어린이집,부산광역시 동래구 시실로211번길 51 (명장동) 주영어린이집,부산광역시 동래구 명장동 302-1,35.20850731,129.0998218,부산광역시 동래구,부산동래경찰서,N,,10,2023-11-11
초등학교,충렬초등학교,부산광역시 동래구 안락로125번길 22 (안락동) 충렬초등학교,부산광역시 동래구 안락동 467-1,35.20041739,129.1117016,부산광역시 동래구,부산동래경찰서,Y,1,15,2023-11-11
어린이집,코끼리자연어린이집,부산광역시 동래구 칠산로 29 (칠산동) 코끼리자연어린이집,부산광역시 동래구 칠산동 37,35.20720049,129.0937239,부산광역시 동래구,부산동래경찰서,N,,10,2023-11-11
유치원,한누리유치원,부산광역시 동래구 쇠미로71번길 47 (사직동) 한누리유치원,부산광역시 동래구 사직동 산598-21,35.20037943,129.0520375,부산광역시 동래구,부산동래경찰서,N,,4,2023-11-11
어린이집,한독온천어린이집,부산광역시 동래구 석사북로95번길 72 (온천동) 한독온천어린이집,부산광역시 동래구 온천동 1218-7,35.20743972,129.0631326,부산광역시 동래구,부산동래경찰서,Y,4,8,2023-11-11
어린이집,한마음어린이집,부산광역시 동래구 명안로78번길 9 (명장동) 한마음어린이집,부산광역시 동래구 명장동 136-13,35.20371241,129.1048531,부산광역시 동래구,부산동래경찰서,N,,10,2023-11-11
유치원,해솔유치원,"부산광역시 동래구 명륜로236번길 9 (명륜동, 명륜동SKVIEW) 해솔유치원",부산광역시 동래구 명륜동 752,35.21425939,129.084954,부산광역시 동래구,부산동래경찰서,Y,3,6,2023-11-11
어린이집,현대어린이집,부산광역시 동래구 동래로 98 (명륜동) 현대어린이집,부산광역시 동래구 명륜동 310-1,35.20736937,129.0831708,부산광역시 동래구,부산동래경찰서,N,,20,2023-11-11
유치원,혜화병설유치원,부산광역시 동래구 명장로99번길 27 (명장동) 혜화병설유치원,부산광역시 동래구 명장동 산12,35.20140513,129.1130289,부산광역시 동래구,부산동래경찰서,N,,6,2023-11-11
어린이집,혜화어린이집,부산광역시 동래구 명장로99번길 25-1 (명장동) 혜화어린이집,부산광역시 동래구 명장동 산12,35.20175211,129.1134549,부산광역시 동래구,부산동래경찰서,Y,1,6,2023-11-11
초등학교,혜화초등학교,부산광역시 동래구 명장로99번길 25 (명장동) 혜화초등학교,부산광역시 동래구 명장동 산12,35.20226047,129.1132938,부산광역시 동래구,부산동래경찰서,Y,2,6,2023-11-11
유치원,홍익유치원,부산광역시 동래구 명안로25번길 9 (안락동) 홍익유치원,부산광역시 동래구 안락동 447-21,35.19871321,129.1038419,부산광역시 동래구,부산동래경찰서,N,,6,2023-11-11
유치원,민들레유치원,부산광역시 동래구 차밭골로49번길 41 (온천동) 민들레유치원,부산광역시 동래구 온천동 345-15,35.21597023,129.075666,부산광역시 동래구,부산동래경찰서,N,,7,2023-11-11
초등학교,온샘초등학교,부산광역시 동래구 충렬대로75번길 25,부산광역시 동래구 온천동 968-3,35.20952094,129.0687106,부산광역시 동래구,부산동래경찰서,Y,6,20,2023-11-11
유치원,온샘초등학교병설유치원,부산광역시 동래구 충렬대로75번길 25,부산광역시 동래구 온천동 968-3,35.20952094,129.0687106,부산광역시 동래구,부산동래경찰서,N,,20,2023-11-11
어린이집,온천보라어린이집,부산광역시 동래구 우장춘로 174 (온천동) 온천보라어린이집,부산광역시 동래구 온천동 269-58,35.22150433,129.0769695,부산광역시 동래구,부산동래경찰서,Y,1,15,2023-11-11
어린이집,다솜어린이집,부산광역시 영도구 함지로79번길 76,부산광역시 영도구 동삼동 510-9,35.0759734,129.065522,부산광역시 영도구청,영도경찰서,Y,1,9,2023-10-15
어린이집,영지어린이집,부산광역시 영도구 와치로 2-13,부산광역시 영도구 청학동 466-2,35.08991805,129.057659,부산광역시 영도구청,영도경찰서,Y,1,8,2023-10-15
어린이집,와치어린이집,부산광역시 영도구 청학서로 11,부산광역시 영도구 청학동 416-1,35.0920368,129.0570901,부산광역시 영도구청,영도경찰서,Y,2,7,2023-10-15
유치원,꿈나무유치원,부산광역시 영도구 남항새싹길 79,부산광역시 영도구 영선동4가 245-1,35.08232583,129.0440672,부산광역시 영도구청,영도경찰서,Y,2,6~10,2023-10-15
유치원,복자유치원,부산광역시 영도구 태종로 340,부산광역시 영도구 청학동 196,35.09543187,129.0621922,부산광역시 영도구청,영도경찰서,Y,1,14,2023-10-15
유치원,봉학병설유치원,부산광역시 영도구 태종로 242,부산광역시 영도구 청학동 389-53,35.09553575,129.0550151,부산광역시 영도구청,영도경찰서,Y,2,9.8~13.1,2023-10-15
유치원,선암사유치원,부산광역시 영도구 본산로 37,부산광역시 영도구 동삼동 797-9,35.06647691,129.0773082,부산광역시 영도구청,영도경찰서,Y,1,6,2023-10-15
유치원,영도중앙유치원,부산광역시 영도구 하나길 760,부산광역시 영도구 봉래동5가 155-13,35.0928143,129.0505907,부산광역시 영도구청,영도경찰서,Y,1,12,2023-10-15
유치원,영일유치원,부산광역시 영도구 꿈나무길 41,부산광역시 영도구 신선동1가 100,35.0901479,129.0462301,부산광역시 영도구청,영도경찰서,Y,1,6~10,2023-10-15
유치원,자비유치원,부산광역시 영도구 일산봉로 49,부산광역시 영도구 청학동 84-1,35.0863987,129.0645618,부산광역시 영도구청,영도경찰서,Y,1,8,2023-10-15
유치원,조아라유치원,부산광역시 영도구 와치로 235,부산광역시 영도구 동삼동 510-3,35.07587367,129.0674351,부산광역시 영도구청,영도경찰서,Y,1,7.5~9,2023-10-15
유치원,초롱유치원,부산광역시 영도구 절영로 494,부산광역시 영도구 동삼동 654-1,35.0713408,129.070142,부산광역시 영도구청,영도경찰서,Y,1,11,2023-10-15
유치원,태종대병설유치원,부산광역시 영도구 태종로802번길 38,부산광역시 영도구 동삼동 962,35.06585062,129.0791469,부산광역시 영도구청,영도경찰서,Y,5,5~20,2023-10-15
유치원,한성유치원,부산광역시 영도구 함지로 43,부산광역시 영도구 동삼동 1124-8,35.0718448,129.0629512,부산광역시 영도구청,영도경찰서,Y,1,11,2023-10-15
유치원,한마음유치원,부산광역시 영도구 함지로79번길 23-26,부산광역시 영도구 동삼동 522-1,35.07402808,129.0629907,부산광역시 영도구청,영도경찰서,N,0,9.5~13,2023-10-15
초등학교,남항초등학교,부산광역시 영도구 남항새싹길 55,부산광역시 영도구 영선동4가 247,35.08366836,129.0431184,부산광역시 영도구청,영도경찰서,Y,3,10,2023-10-15
초등학교,대교초등학교,부산광역시 영도구 봉래나루로246번길 19,부산광역시 영도구 봉래동4가 18,35.09469394,129.0457531,부산광역시 영도구청,영도경찰서,Y,2,7~28,2023-10-15
초등학교,대평초등학교,부산광역시 영도구 절영로 82,부산광역시 영도구 남항동2가 65-9,35.08753561,129.0388823,부산광역시 영도구청,영도경찰서,Y,4,8~15,2023-10-15
초등학교,동삼초등학교,부산광역시 영도구 태종로 610,부산광역시 영도구 동삼동 258,35.0798259,129.0734678,부산광역시 영도구청,영도경찰서,Y,4,6~12,2023-10-15
초등학교,봉삼초등학교,부산광역시 영도구 함지로79번길 39,부산광역시 영도구 동삼동 510-8,35.07479599,129.0636195,부산광역시 영도구청,영도경찰서,Y,2,9,2023-10-15
초등학교,봉학초등학교,부산광역시 영도구 태종로 242,부산광역시 영도구 청학동 389-53,35.09553575,129.0550151,부산광역시 영도구청,영도경찰서,Y,2,9.8~13.1,2023-10-15
초등학교,상리초등학교,부산광역시 영도구 상리로 38,부산광역시 영도구 동삼동 1123-11,35.08394705,129.0670776,부산광역시 영도구청,영도경찰서,Y,1,15,2023-10-15
초등학교,신선초등학교,부산광역시 영도구 산정길 17,부산광역시 영도구 신선동3가 76-6,35.08361799,129.0475357,부산광역시 영도구청,영도경찰서,Y,4,8~11,2023-10-15
초등학교,영도초등학교,부산광역시 영도구 꿈나무길 41,부산광역시 영도구 신선동1가 100,35.09012623,129.0462135,부산광역시 영도구청,영도경찰서,Y,1,6~10,2023-10-15
초등학교,절영초등학교,부산광역시 영도구 함지로 37,부산광역시 영도구 동삼동 1124-5,35.07286285,129.0630068,부산광역시 영도구청,영도경찰서,Y,1,11,2023-10-15
초등학교,중리초등학교,부산광역시 영도구 와치로 286,부산광역시 영도구 동삼동 454-34,35.07420086,129.0701947,부산광역시 영도구청,영도경찰서,Y,1,7~11,2023-10-15
초등학교,청동초등학교,부산광역시 영도구 태종로422번길 51,부산광역시 영도구 청학동 71-1,35.08812016,129.0673539,부산광역시 영도구청,영도경찰서,Y,5,5~12.5,2023-10-15
초등학교,청학초등학교,부산광역시 영도구 청학로 49,부산광역시 영도구 청학동 412-3,35.09320301,129.0595046,부산광역시 영도구청,영도경찰서,Y,3,6~10,2023-10-15
초등학교,태종대초등학교,부산광역시 영도구 태종로802번길 38,부산광역시 영도구 동삼동 962,35.06585062,129.0791469,부산광역시 영도구청,영도경찰서,Y,5,5~20,2023-10-15
어린이집,가락어린이집,부산광역시 강서구 식만로 95 (식만동) 가락어린이집,부산광역시 강서구 식만동 791-1,35.20399906,128.9043819,부산광역시 강서구청,부산강서경찰서,N,,8,2023-03-22
초등학교,가락초등학교,부산광역시 강서구 호계로 41 (죽림동) 가락초등학교,부산광역시 강서구 죽림동 623-2,35.19634003,128.8952655,부산광역시 강서구청,부산강서경찰서,N,,12,2023-03-22
유치원,가락초등학교병설유치원,부산광역시 강서구 호계로 41 (죽림동) 가락초등학교병설유치원,부산광역시 강서구 죽림동 623-2,35.19634003,128.8952655,부산광역시 강서구청,부산강서경찰서,N,,,2023-03-22
어린이집,강변어린이집,부산광역시 강서구 공항로361번길 26 (대저2동) 강변어린이집,부산광역시 강서구 대저2동 5199-2,35.140703,128.9473100056,부산광역시 강서구청,부산강서경찰서,N,,4,2023-03-22
어린이집,강서어린이집,부산광역시 강서구 대저로63번길 31 (대저1동) 강서어린이집,부산광역시 강서구 대저1동 1549-1,35.21676068,128.9593383,부산광역시 강서구청,부산강서경찰서,N,,6,2023-03-22
어린이집,글로벌새싹어린이집,부산광역시 강서구 명지오션시티9로 19 (명지동) 글로벌새싹어린이집,부산광역시 강서구 명지동 3230-8,35.08866879,128.8989356,부산광역시 강서구청,부산강서경찰서,Y,1,12,2023-03-22
유치원,기린유치원,부산광역시 강서구 과학산단로334번다길 59 (지사동) 기린유치원,부산광역시 강서구 지사동 1189-8,35.14979832,128.8355835,부산광역시 강서구청,부산강서경찰서,N,,8,2023-03-22
어린이집,꿈바위어린이집,부산광역시 강서구 범방3로46번길 3 (범방동) 꿈바위어린이집,부산광역시 강서구 범방동 1901-1,35.14755365,128.8804493,부산광역시 강서구청,부산강서경찰서,N,,12,2023-03-22
유치원,남명유치원,부산광역시 강서구 명지오션시티11로 132 (명지동) 남명유치원,부산광역시 강서구 명지동 3243-2,35.08408661,128.9105908,부산광역시 강서구청,부산강서경찰서,N,,,2023-03-22
초등학교,남명초등학교,부산광역시 강서구 명지오션시티11로 132 (명지동) 남명초등학교,부산광역시 강서구 명지동 3243-2,35.08403561,128.9105908,부산광역시 강서구청,부산강서경찰서,Y,2,16,2023-03-22
초등학교,녹명초등학교,부산광역시 강서구 낙동남로 617 (녹산동) 녹명초등학교,부산광역시 강서구 녹산동 228-3,35.11489404,128.8863922,부산광역시 강서구청,부산강서경찰서,Y,2,24,2023-03-22
어린이집,녹산산단바른어린이집,부산광역시 강서구 녹산산단335로 11 (송정동) 녹산산단바른어린이집,부산광역시 강서구 송정동 1627-4,35.09010981,128.8539339,부산광역시 강서구청,부산강서경찰서,N,,8,2023-03-22
유치원,녹산유치원,부산광역시 강서구 과학산단2로20번길 55 (지사동) 녹산유치원,부산광역시 강서구 지사동 1184-2,35.15147548,128.8371219,부산광역시 강서구청,부산강서경찰서,N,,,2023-03-22
초등학교,녹산초등학교,부산광역시 강서구 과학산단2로20번길 55 (지사동) 녹산초등학교,부산광역시 강서구 지사동 1184-2,35.15147548,128.8371219,부산광역시 강서구청,부산강서경찰서,Y,2,20,2023-03-22
어린이집,대사라온어린이집,부산광역시 강서구 제도로 1166-11 (강동동) 대사라온어린이집,부산광역시 강서구 강동동 136-17,35.21397539,128.9348277,부산광역시 강서구청,부산강서경찰서,N,,9,2023-03-22
초등학교,대사초등학교,부산광역시 강서구 낙동북로73번길 29 (강동동) 대사초등학교,부산광역시 강서구 강동동 101-64,35.22041811,128.9385487,부산광역시 강서구청,부산강서경찰서,Y,3,4~8,2023-03-22
초등학교,대상초등학교,부산광역시 강서구 대저로 249 (대저1동) 대상초등학교,부산광역시 강서구 대저1동 2355-1,35.21418396,128.9802525,부산광역시 강서구청,부산강서경찰서,Y,1,12,2023-03-22
유치원,대저유치원,부산광역시 강서구 공항로767번나길 1 (대저2동) 대저유치원,부산광역시 강서구 대저2동 2515-14,35.17513227,128.9578468,부산광역시 강서구청,부산강서경찰서,N,,4,2023-03-22
초등학교,대저초등학교,부산광역시 강서구 대저로29번길 27 (대저1동) 대저초등학교,부산광역시 강서구 대저1동 1605,35.21610222,128.9553077,부산광역시 강서구청,부산강서경찰서,N,,10,2023-03-22
초등학교,덕두초등학교,부산광역시 강서구 공항로791번길 68 (대저2동) 덕두초등학교,부산광역시 강서구 대저2동 2489-1,35.17564815,128.9558698,부산광역시 강서구청,부산강서경찰서,Y,1,10,2023-03-22
유치원,라임유치원,부산광역시 강서구 영강길91번길 7 (명지동) 라임유치원,부산광역시 강서구 명지동 1401-1,35.10849495,128.9254002,부산광역시 강서구청,부산강서경찰서,N,,8,2023-03-22
유치원,명원유치원,부산광역시 강서구 명지국제6로 147 (명지동) 명원유치원,부산광역시 강서구 명지동 3405,35.09412838,128.9149102,부산광역시 강서구청,부산강서경찰서,N,,,2023-03-22
초등학교,명원초등학교,부산광역시 강서구 명지국제6로 147 (명지동) 명원초등학교,부산광역시 강서구 명지동 3405,35.09412838,128.9149102,부산광역시 강서구청,부산강서경찰서,Y,24,8~12,2023-03-22
유치원,명일유치원(단설),부산광역시 강서구 명지국제5로 170-5 (명지동) 명일유치원(단설),부산광역시 강서구 명지동 3477-2,35.10951726,128.922704,부산광역시 강서구청,부산강서경찰서,N,,,2023-03-22
초등학교,명일초등학교,부산광역시 강서구 명지국제5로 170-5 (명지동) 명일초등학교,부산광역시 강서구 명지동 3477-2,35.10951726,128.922704,부산광역시 강서구청,부산강서경찰서,Y,4,8,2023-03-22
유치원,명지국제유치원,부산광역시 강서구 명지국제7로 186 (명지동) 명지국제유치원,부산광역시 강서구 명지동 3428-2,35.09512861,128.9216749,부산광역시 강서구청,부산강서경찰서,N,,,2023-03-22
유치원,명지배화유치원,부산광역시 강서구 영강길 165 (명지동) 명지배화유치원,부산광역시 강서구 명지동 308,35.11183594,128.9237437,부산광역시 강서구청,부산강서경찰서,N,,12,2023-03-22
유치원,명지센텀유치원,부산광역시 강서구 명지오션시티9로 53 (명지동) 명지센텀유치원,부산광역시 강서구 명지동 3229-13,35.08864415,128.9026565,부산광역시 강서구청,부산강서경찰서,N,,12,2023-03-22
유치원,명지유치원(단설),부산광역시 강서구 명지국제6로 296 (명지동) 명지유치원,부산광역시 강서구 명지동 3385,35.10226077,128.9241172,부산광역시 강서구청,부산강서경찰서,N,,,2023-03-22
유치원,명지자연유치원,부산광역시 강서구 신호산단1로140번길 16-3 (신호동) 명지자연유치원,부산광역시 강서구 신호동 263-2,35.08047817,128.8788394,부산광역시 강서구청,부산강서경찰서,N,,8,2023-03-22
초등학교,명지초등학교,부산광역시 강서구 명지국제6로 296 (명지동) 명지초등학교,부산광역시 강서구 명지동 3385,35.10226077,128.9241172,부산광역시 강서구청,부산강서경찰서,Y,4,25,2023-03-22
초등학교,명호초등학교,부산광역시 강서구 명지오션시티2로 41 (명지동) 명호초등학교,부산광역시 강서구 명지동 3232-6,35.08522707,128.9004096,부산광역시 강서구청,부산강서경찰서,Y,2,16,2023-03-22
유치원,명호초등학교병설유치원,부산광역시 강서구 명지오션시티2로 41 (명지동) 명호초등학교병설유치원,부산광역시 강서구 명지동 3232-6,35.08522707,128.9004096,부산광역시 강서구청,부산강서경찰서,N,,,2023-03-22
어린이집,무궁화어린이집,부산광역시 강서구 명지국제7로 190 (명지동) 무궁화어린이집,부산광역시 강서구 명지동 3428-3,35.09510234,128.9219677,부산광역시 강서구청,부산강서경찰서,N,,,2023-03-22
초등학교,배영초등학교,부산광역시 강서구 공항로339번길 260 (대저2동) 배영초등학교,부산광역시 강서구 대저2동 4552,35.15020326,128.9453675,부산광역시 강서구청,부산강서경찰서,N,,4~6,2023-03-22
유치원,보광유치원,부산광역시 강서구 공항진입로 28 (대저2동) 보광유치원,부산광역시 강서구 대저2동 1845-1,35.18181108,128.9561575,부산광역시 강서구청,부산강서경찰서,N,,35,2023-03-22
특수학교,부산한솔학교,부산광역시 강서구 명지오션시티2로 86 (명지동) 부산한솔학교,부산광역시 강서구 명지동 3235-2,35.0813777,128.8986257,부산광역시 강서구청,부산강서경찰서,Y,1,16,2023-03-22
특수학교,부산혜원학교,부산광역시 강서구 공항로 1319 (대저1동) 부산혜원학교,부산광역시 강서구 대저1동 395-25,35.21534404,128.9886148,부산광역시 강서구청,부산강서경찰서,N,,16,2023-03-22
유치원,송정유치원,부산광역시 강서구 신호산단4로 10 (신호동) 송정유치원,부산광역시 강서구 신호동 300-2,35.08533995,128.8735974,부산광역시 강서구청,부산강서경찰서,N,,,2023-03-22
초등학교,송정초등학교,부산광역시 강서구 신호산단4로 10 (신호동) 송정초등학교,부산광역시 강서구 신호동 300-2,35.08536457,128.8735012,부산광역시 강서구청,부산강서경찰서,Y,6,16,2023-03-22
유치원,신명유치원,부산광역시 강서구 명지국제7로 178 (명지동) 신명유치원,부산광역시 강서구 명지동 3427,35.09523277,128.9207155,부산광역시 강서구청,부산강서경찰서,N,,,2023-03-22
초등학교,신명초등학교,부산광역시 강서구 명지국제7로 178 (명지동) 신명초등학교,부산광역시 강서구 명지동 3427,35.09523277,128.9207155,부산광역시 강서구청,부산강서경찰서,N,,,2023-03-22
초등학교,신호초등학교,부산광역시 강서구 신호산단2로75번길 12 (신호동) 신호초등학교,부산광역시 강서구 신호동 254,35.08196953,128.8785862,부산광역시 강서구청,부산강서경찰서,N,,16,2023-03-22
유치원,신호초등학교병설유치원,부산광역시 강서구 신호산단2로75번길 12 (신호동) 신호초등학교 병설유치원,부산광역시 강서구 신호동 254,35.08196953,128.8785862,부산광역시 강서구청,부산강서경찰서,N,,,2023-03-22
어린이집,에코파랑새어린이집,부산광역시 강서구 범방3로46번길 11 (범방동) 에코파랑새 어린이집,부산광역시 강서구 범방동 1901-5,35.147375,128.881323,부산광역시 강서구청,부산강서경찰서,N,,,2023-03-22
유치원,오션유치원,부산광역시 강서구 명지오션시티6로 72 (명지동) 오션유치원,부산광역시 강서구 명지동 3241-3,35.08029669,128.9070666,부산광역시 강서구청,부산강서경찰서,N,,,2023-03-22
초등학교,오션초등학교,부산광역시 강서구 명지오션시티6로 72 (명지동) 오션초등학교,부산광역시 강서구 명지동 3241-3,35.08029669,128.9070666,부산광역시 강서구청,부산강서경찰서,Y,2,8,2023-03-22
어린이집,제일어린이집,부산광역시 강서구 송정길43번길 16 (송정동) 제일어린이집,부산광역시 강서구 송정동 1191-27,35.10041581,128.8419611,부산광역시 강서구청,부산강서경찰서,N,,16,2023-03-22
초등학교,천가초등학교,부산광역시 강서구 동선길 135 (성북동) 천가초등학교,부산광역시 강서구 성북동 344,35.05234602,128.8312677,부산광역시 강서구청,부산강서경찰서,N,,4~6,2023-03-22
유치원,천가초등학교병설유치원,부산광역시 강서구 동선길 135 (성북동) 천가초등학교병설유치원,부산광역시 강서구 성북동 344,35.05234602,128.8312677,부산광역시 강서구청,부산강서경찰서,N,,,2023-03-22
어린이집,파랑새어린이집,부산광역시 강서구 낙동남로 458-2 (녹산동) 파랑새어린이집,부산광역시 강서구 녹산동 846,35.11210702,128.8701154,부산광역시 강서구청,부산강서경찰서,Y,2,30,2023-03-22
어린이집,현대어린이집,부산광역시 강서구 호계로145번길 8 (죽동동) 현대어린이집,부산광역시 강서구 죽동동 342-3,35.20464197,128.8911841,부산광역시 강서구청,부산강서경찰서,Y,2,16,2023-03-22
유치원,현대유치원,부산광역시 강서구 호계로145번길 8 (죽동동) 현대유치원,부산광역시 강서구 죽동동 342-3,35.20464197,128.8911841,부산광역시 강서구청,부산강서경찰서,N,,,2023-03-22
유치원,명지꿈자람유치원,부산광역시 강서구 명지국제8로 199 (명지동) 명지꿈자람유치원,부산광역시 강서구 명지동 1760-4,35.09950189,128.9150379,부산광역시 강서구청,부산강서경찰서,N,,24,2023-03-22
유치원,명지가온유치원,부산광역시 강서구 명지오션시티6로 6 (명지동) 명지가온유치원,부산광역시 강서구 명지동 3242-2,35.08025363,128.9084057,부산광역시 강서구청,부산강서경찰서,Y,2,16,2023-03-22
초등학교,명문초등학교,부산광역시 강서구 명지국제8로 195 (명지동) 명문초등학교,부산광역시 강서구 명지동 1793-10,35.0993360094,128.9139609538,부산광역시 강서구청,부산강서경찰서,N,,24,2023-03-22
초등학교,초량초등학교,부산광역시 동구 초량상로 49,,35.11571293,129.0363333,부산광역시 동구청,초량지구대,Y,4,,2022-06-01
초등학교,성남초등학교,부산광역시 동구 범일로53번길 14,,35.13519334,129.058478,부산광역시 동구청,자성대파출소,Y,3,,2022-06-01
초등학교,범일초등학교,부산광역시 동구 증산서로 55,,35.13957116,129.0496534,부산광역시 동구청,수성지구대,Y,2,,2022-06-01
초등학교,수정초등학교,부산광역시 동구 진성로 29,,35.13126498,129.0467291,부산광역시 동구청,수성지구대,Y,4,,2022-06-01
초등학교,수성초등학교,부산광역시 동구 망양로 807,,35.13455159,129.042761,부산광역시 동구청,수성지구대,Y,5,,2022-06-01
외국인학교,부산화교소학교,부산광역시 동구 대영로239번길 43,,35.11412616,129.037478,부산공역시 동구청,초량지구대,Y,2,,2022-06-01
유치원,소화데레사유치원,부산광역시 동구 범곡남로 5,,35.13805619,129.055889,부산광역시 동구청,좌천파출소,Y,1,,2022-06-01
유치원,일신유치원,부산광역시 동구 정공단로 17,,35.13467511,129.053374,부산광역시 동구청,좌천파출소,Y,5,,2022-06-01
유치원,한림유치원,부산광역시 동구 홍곡남로 3,,35.124173,129.0395579,부산광역시 동구청,초량지구대,Y,0,,2022-06-01
유치원,성남초등병설유치원,부산광역시 동구 범일로53번길 14,,35.13519334,129.0584732,부산광역시 동구청,자성대파출소,Y,3,,2022-06-01
유치원,동일중앙초등병설유치원,부산광역시 동구 구봉로 46,,35.12451542,129.0367718,부산광역시 동구청,초량지구대,Y,5,,2022-06-01
유치원,수성초등병설유치원,부산광역시 동구 망양로 807,,35.13455159,129.0427218,부산광역시 동구청,수성지구대,Y,5,,2022-06-01
유치원,묘음유치원,부산광역시 동구 구봉로 63,,35.12501873,129.0355646,부산광역시 동구청,초량지구대,Y,1,,2022-06-01
어린이집,묘음예능어린이집,부산광역시 동구 구봉로 63,,35.12501873,129.0355625,부산광역시 동구청,초량지구대,Y,1,,2022-06-01
어린이집,수정어린이집,부산광역시 동구 수정공원로129번길 10,,35.136231,129.0430177,부산광역시 동구청,수성지구대,Y,4,,2022-06-01
어린이집,범일초등병설유치원,부산광역시 동구 증산서로 55,,35.13957116,129.0496534,부산광역시 동구청,수성지구대,Y,2,,2022-06-01
어린이집,수정삼성어린이집,부산광역시 동구 수정중로 33,,35.13134528,129.0449629,부산광역시 동구청,수성지구대,Y,4,,2022-06-01
초등학교,동일중앙초등학교,부산광역시 동구 구봉로 46,,35.12451542,129.0367718,부산광역시 동구청,초량지구대,Y,5,,2022-06-01
초등학교,가동초등학교,부산광역시 기장군 정관읍 정관5로 100,부산광역시 기장군 정관읍 용수리 1305,35.32689908,129.178585,부산광역시 기장군,기장경찰서,Y,3,,2023-08-03
어린이집,고리원자력본부 한빛어린이집,부산광역시 기장군 장안읍 천산로28,부산광역시 기장군 장안읍 길천리 310-3,35.33055564,129.2826477,부산광역시 기장군,기장경찰서,Y,1,,2023-08-03
초등학교,교리초등학교,부산광역시 기장군 기장읍 차성로 427,부산광역시 기장군 기장읍 교리 241-2,35.25506584,129.216719,부산광역시 기장군,기장경찰서,Y,15,,2023-08-03
어린이집,기장어린이집,부산광역시 기장군 기장읍 청강로57번길15,부산광역시 기장군 기장읍 청강리 117-21,35.2377172,129.2198799,부산광역시 기장군,기장경찰서,Y,12,,2023-08-03
초등학교,기장초등학교,부산광역시 기장군 기장읍 읍내로77번길 7,부산광역시 기장군 기장읍 동부리 320,35.24556634,129.2128749,부산광역시 기장군,기장경찰서,Y,26,,2023-08-03
유치원,기장초등학교병설유치원,부산광역시 기장군 기장읍 읍내로 75,부산광역시 기장군 기장읍 동부리 306-10,35.245419,129.2125717,부산광역시 기장군,기장경찰서,Y,26,,2023-08-03
초등학교,내리초등학교,부산광역시 기장군 기장읍 소정안길 50,부산광역시 기장군 기장읍 내리 772,35.20576309,129.2055052,부산광역시 기장군,기장경찰서,Y,7,,2023-08-03
유치원,녹원유치원,부산광역시 기장군 기장읍 석산1길 69-1,부산광역시 기장군 기장읍 석산리 241-3,35.20081212,129.2103555,부산광역시 기장군,기장경찰서,Y,1,,2023-08-03
유치원,달산유치원,부산광역시 기장군 정관읍 정관로 674,부산광역시 기장군 정관읍 달산리 1204,35.31928499,129.186736,부산광역시 기장군,기장경찰서,Y,8,,2023-08-03
초등학교,달산초등학교,부산광역시 기장군 정관읍 정관로 674,부산광역시 기장군 정관읍 달산리 1204,35.31928499,129.186736,부산광역시 기장군,기장경찰서,Y,8,,2023-08-03
유치원,용암병설유치원,부산광역시 기장군 기장읍 기장해안로 577,부산광역시 기장군 기장읍 대변리 444,35.22530838,129.2268644,부산광역시 기장군,기장경찰서,Y,4,,2023-08-03
초등학교,용암초등학교,부산광역시 기장군 기장읍 기장해안로 577,부산광역시 기장군 기장읍 대변리 444,35.22530838,129.226893,부산광역시 기장군,기장경찰서,Y,4,,2023-08-03
초등학교,대청초등학교,부산광역시 기장군 기장읍 차성서로 31,부산광역시 기장군 기장읍 대라리 226,35.23550269,129.2099128,부산광역시 기장군,기장경찰서,Y,12,,2023-08-03
초등학교,모전초등학교,부산광역시 기장군 정관읍 정관1로 17,부산광역시 기장군 정관읍 모전리 719,35.33968544,129.1623355,부산광역시 기장군,기장경찰서,Y,6,,2023-08-03
유치원,모전초등학교병설유치원,부산광역시 기장군 정관읍 정관1로 17,부산광역시 기장군 정관읍 모전리 719,35.33968544,129.1623355,부산광역시 기장군,기장경찰서,Y,6,,2023-08-03
초등학교,방곡초등학교,부산광역시 기장군 정관읍 정관덕산길 61,부산광역시 기장군 정관읍 방곡리 412,35.32292944,129.186724,부산광역시 기장군,기장경찰서,Y,11,,2023-08-03
유치원,버클리유치원,부산광역시 기장군 정관읍 정관상곡1길 34,부산광역시 기장군 정관읍 매학리 466,35.31899474,129.1681596,부산광역시 기장군,기장경찰서,Y,2,,2023-08-03
외국인학교,부산국제외국인학교,부산광역시 기장군 기장읍 기장대로 50,부산광역시 기장군 기장읍 내리 798,35.20075459,129.2071878,부산광역시 기장군,기장경찰서,N,0,,2023-08-03
특수학교,부산해마루학교,부산광역시 기장군 정관읍 모전로 23,부산광역시 기장군 정관읍 모전리 678,35.34081003,129.1661141,부산광역시 기장군,기장경찰서,Y,1,,2023-08-03
유치원,사랑나무유치원(구.해오름),부산광역시 기장군 기장읍 대청로14번길 3,부산광역시 기장군 기장읍 대라리 164-15,35.237615,129.211988,부산광역시 기장군,기장경찰서,Y,19,,2023-08-03
어린이집,산새소리어린이집(구.롯데동산),부산광역시 기장군 기장읍 차성남로1-4,부산광역시 기장군 기장읍 대라리 923,35.24149724,129.208318,부산광역시 기장군,기장경찰서,Y,18,,2023-08-03
유치원,산새소리유치원,부산광역시 기장군 기장읍 차성남로 1-4,부산광역시 기장군 기장읍 대라리 923,35.24149724,129.208318,부산광역시 기장군,기장경찰서,Y,17,,2023-08-03
어린이집,성우어린이집(구.육영),부산광역시 기장군 일광면 이화로47-10,부산광역시 기장군 일광면 이천리 755-2,35.26948168,129.2323099,부산광역시 기장군,기장경찰서,Y,5,,2023-08-03
유치원,성우유치원,부산광역시 기장군 장안읍 대룡2길45,부산광역시 기장군 기장읍 청강리 18-2,35.37426077,129.263181,부산광역시 기장군,기장경찰서,Y,4,,2023-08-03
특수학교,성우학교,부산광역시 기장군 장안읍 대룡2길 45,부산광역시 기장군 장안읍 명례리 133-1,35.37426077,129.263163,부산광역시 기장군,기장경찰서,Y,4,,2023-08-03
유치원,세화유치원,부산광역시 기장군 기장읍 기장대로 563,부산광역시 기장군 기장읍 청강리 18-2,35.24534842,129.2204395,부산광역시 기장군,기장경찰서,Y,5,,2023-08-03
어린이집,소망어린이집,부산광역시 기장군 기장읍 배산로 60,부산광역시 기장군 기장읍 서부리 450,35.24960271,129.211719,부산광역시 기장군,기장경찰서,Y,6,,2023-08-03
유치원,숲속원광유치원,부산광역시 기장군 정관읍 곰내길 654-125,부산광역시 기장군 정관읍 달산리 934-28,35.31051099,129.1735765,부산광역시 기장군,기장경찰서,Y,1,,2023-08-03
초등학교,신정초등학교,부산광역시 기장군 정관읍 정관로 460,부산광역시 기장군 정관읍 용수리 1358,35.32865722,129.167652,부산광역시 기장군,기장경찰서,Y,4,,2023-08-03
초등학교,신진초등학교,부산광역시 기장군 철마면 고촌로28번길 10,부산광역시 기장군 철마면 고촌리 655,35.24092086,129.1714623,부산광역시 기장군,기장경찰서,Y,4,,2023-08-03
유치원,신진초등학교병설유치원,부산광역시 기장군 철마면 고촌로28번길 10,부산광역시 기장군 철마면 고촌리 655,35.24092086,129.1714623,부산광역시 기장군,기장경찰서,Y,4,,2023-08-03
어린이집,엔젤어린이집,부산광역시 기장군 기장읍 차성서로 42,부산광역시 기장군 기장읍 대라리 160-9,35.237074,129.210457,부산광역시 기장군,기장경찰서,Y,15,,2023-08-03
초등학교,월내초등학교,부산광역시 기장군 장안읍 길천2길 25,부산광역시 기장군 장안읍 길천리 191-1,35.32806456,129.2824809,부산광역시 기장군,기장경찰서,Y,9,,2023-08-03
유치원,월내초등학교병설유치원,부산광역시 기장군 장안읍 길천2길 25,부산광역시 기장군 장안읍 길천리 191-1,35.32806456,129.2824809,부산광역시 기장군,기장경찰서,Y,9,,2023-08-03
초등학교,월평초등학교,부산광역시 기장군 정관읍 월평1길 21,부산광역시 기장군 정관읍 월평리 125-2,35.35969505,129.1383592,부산광역시 기장군,기장경찰서,Y,3,,2023-08-03
유치원,월평초등학교병설유치원,부산광역시 기장군 정관읍 월평1길 21,부산광역시 기장군 정관읍 월평리 125-2,35.35969505,129.1383592,부산광역시 기장군,기장경찰서,Y,3,,2023-08-03
초등학교,일광초등학교,부산광역시 기장군 일광면 해빛로 46,부산광역시 기장군 일광면 삼성리 774,35.26821044,129.2230225,부산광역시 기장군,기장경찰서,Y,2,,2023-08-03
유치원,일광유치원,부산광역시 기장군 일광면 해빛로 42,부산광역시 기장군 일광면 삼성리 776,35.26770528,129.2236935,부산광역시 기장군,기장경찰서,Y,2,,2023-08-03
어린이집,장안어린이집,부산광역시 기장군 장안읍 해맞이로167,부산광역시 기장군 장안읍 임랑리 110-3,35.317128,129.258986,부산광역시 기장군,기장경찰서,Y,7,,2023-08-03
초등학교,장안초등학교,부산광역시 기장군 장안읍 좌천로 13-66,부산광역시 기장군 장안읍 좌천리 115,35.31195211,129.2395584,부산광역시 기장군,기장경찰서,Y,3,,2023-08-03
유치원,장안초등학교병설유치원,부산광역시 기장군 장안읍 좌천로 13-66,부산광역시 기장군 장안읍 좌천리 115,35.31195211,129.2395584,부산광역시 기장군,기장경찰서,Y,3,,2023-08-03
어린이집,전원어린이집,부산광역시 기장군 기장읍 차성로365번길75,부산광역시 기장군 기장읍 교리 162,35.255537,129.2132298,부산광역시 기장군,기장경찰서,Y,7,,2023-08-03
어린이집,정관5어린이집,부산광역시 기장군 정관읍 정관중앙로 110,부산광역시 기장군 정관읍 방곡리 442,35.32633378,129.1822247,부산광역시 기장군,기장경찰서,Y,3,,2023-08-03
유치원,정관무지개유치원,부산광역시 기장군 정관읍 정관5로 127,부산광역시 기장군 정관읍 용수리 210-1,35.32960716,129.1782003,부산광역시 기장군,기장경찰서,Y,1,,2023-08-03
어린이집,정관아이비어린이집,부산광역시 기장군 정관읍 구연방곡로 43,부산광역시 기장군 정관읍 방곡리 440,35.32344446,129.1847375,부산광역시 기장군,기장경찰서,Y,14,,2023-08-03
유치원,정관아이숲유치원,부산광역시 기장군 정관읍 병산로 24,부산광역시 기장군 정관읍 용수리 452,35.33616945,129.171847,부산광역시 기장군,기장경찰서,Y,1,,2023-08-03
초등학교,정관초등학교,부산광역시 기장군 정관읍 정관로 530,부산광역시 기장군 정관읍 용수리 1393,35.32321474,129.1718500316,부산광역시 기장군,기장경찰서,Y,5,,2023-08-03
유치원,정관초등학교병설유치원,부산광역시 기장군 정관읍 정관로 530,부산광역시 기장군 정관읍 용수리 1393,35.32321474,129.1718500316,부산광역시 기장군,기장경찰서,Y,5,,2023-08-03
유치원,정관피올라유치원,부산광역시 기장군 정관읍 가동2길 5,부산광역시 기장군 정관읍 용수리 1283-4,35.32854076,129.1795703,부산광역시 기장군,기장경찰서,Y,7,,2023-08-03
초등학교,정원초등학교,부산광역시 기장군 정관읍 정관로 423,부산광역시 기장군 정관읍 모전리 754,35.33196633,129.1672717,부산광역시 기장군,기장경찰서,Y,5,,2023-08-03
유치원,정원초등학교병설유치원,부산광역시 기장군 정관읍 정관로 423,부산광역시 기장군 정관읍 모전리 754,35.33196633,129.1672717,부산광역시 기장군,기장경찰서,Y,5,,2023-08-03
초등학교,좌천초등학교,부산광역시 기장군 장안읍 좌천로13-66,부산광역시 기장군 장안읍 좌천리 115,35.31195211,129.2395584,부산광역시 기장군,기장경찰서,Y,10,,2023-08-03
유치원,좌천초등학교병설유치원,부산광역시 기장군 장안읍 좌천로 13-66,부산광역시 기장군 장안읍 좌천리 115,35.31195211,129.2395584,부산광역시 기장군,기장경찰서,Y,10,,2023-08-03
초등학교,죽성초등학교,부산광역시 기장군 기장읍 두호1길16,부산광역시 기장군 기장읍 죽성리 191,35.24066288,129.2465849,부산광역시 기장군,기장경찰서,Y,4,,2023-08-03
유치원,죽성초등학교병설유치원,부산광역시 기장군 기장읍 죽성로 270,부산광역시 기장군 기장읍 죽성리 86,35.24275475,129.243628,부산광역시 기장군,기장경찰서,Y,4,,2023-08-03
어린이집,참조은어린이집,부산광역시 기장군 기장읍 차성로404번길52,부산광역시 기장군 기장읍 교리 329-1,35.25117979,129.214396,부산광역시 기장군,기장경찰서,Y,15,,2023-08-03
초등학교,철마초등학교,부산광역시 기장군 철마면 철마로 493,부산광역시 기장군 철마면 와여리 481-2,35.27521883,129.1512357,부산광역시 기장군,기장경찰서,Y,3,,2023-08-03
유치원,철마초등학교병설유치원,부산광역시 기장군 철마면 철마로 493,부산광역시 기장군 철마면 와여리 481-2,35.27521883,129.1512357,부산광역시 기장군,기장경찰서,Y,3,,2023-08-03
어린이집,초록어린이집,부산광역시 기장군 기장읍 차성로404번길33,부산광역시 기장군 기장읍 교리 333-11,35.2519894,129.214818,부산광역시 기장군,기장경찰서,Y,16,,2023-08-03
어린이집,칠암어린이집,부산광역시 기장군 일광면 박영준길18,부산광역시 기장군 일광면 칠암리 145-1,35.299023,129.2564867,부산광역시 기장군,기장경찰서,Y,3,,2023-08-03
초등학교,칠암초등학교,부산광역시 기장군 일광면 박영준길 19,부산광역시 기장군 일광면 칠암리 134,35.298748,129.2559105,부산광역시 기장군,기장경찰서,Y,2,,2023-08-03
유치원,칠암초등학교병설유치원,부산광역시 기장군 일광면 박영준길 19,부산광역시 기장군 일광면 칠암리 134,35.298771,129.2559105,부산광역시 기장군,기장경찰서,Y,2,,2023-08-03
유치원,큰별샘유치원,부산광역시 기장군 정관읍 산막길 26-76,부산광역시 기장군 정관읍 용수리 525,35.332977,129.172661,부산광역시 기장군,기장경찰서,Y,1,,2023-08-03
유치원,푸른숲유치원,부산광역시 기장군 기장읍 내리길 168,부산광역시 기장군 기장읍 내리 579,35.217064,129.1977769,부산광역시 기장군,기장경찰서,Y,2,,2023-08-03
유치원,피터팬유치원,부산광역시 기장군 정관읍 가동옛길 37,부산광역시 기장군 정관읍 용수리 220,35.331573,129.1790794,부산광역시 기장군,기장경찰서,Y,3,,2023-08-03
어린이집,한성어린이집,부산광역시 기장군 정관읍 정관덕산1길 22,부산광역시 기장군 정관읍 방곡리 245-3,35.323573,129.184771,부산광역시 기장군,기장경찰서,Y,14,,2023-08-03
유치원,한솔기장유치원,부산광역시 기장군 기장읍 대청로45번길 6,부산광역시 기장군 기장읍 대라리 269-10,35.23823163,129.2154127,부산광역시 기장군,기장경찰서,Y,16,,2023-08-03
어린이집,한솔어린이집,부산광역시 기장군 기장읍 대청로45번길6,부산광역시 기장군 기장읍 대라리 269-10,35.23823163,129.2154127,부산광역시 기장군,기장경찰서,Y,19,,2023-08-03
유치원,해누리유치원,부산광역시 기장군 정관읍 용수로109-33,부산광역시 기장군 정관읍 용수리 626,35.3292615,129.171932,부산광역시 기장군,기장경찰서,Y,9,,2023-08-03
유치원,효성유치원,부산광역시 기장군 기장읍 차성로344번길 13,부산광역시 기장군 기장읍 동부리 151-5,35.2493646,129.215285,부산광역시 기장군,기장경찰서,Y,15,,2023-08-03
초등학교,해빛초등학교,부산광역시 기장군 일광면 해빛6로 9,부산광역시 기장군 일광면 삼성리 787,35.26477294,129.2214912,부산광역시 기장군,기장경찰서,Y,1,,2023-08-03
유치원,해빛유치원,부산광역시 기장군 일광면 해빛6로 17,부산광역시 기장군 일광면 삼성리 788,35.26430354,129.2224512,부산광역시 기장군,기장경찰서,Y,1,,2023-08-03
유치원,방곡유치원,부산광역시 기장군 정관읍 정관덕산길 61,부산광역시 기장군 정관읍 방곡리 412,35.32292968,129.1867088,부산광역시 기장군,기장경찰서,Y,4,,2023-08-03
유치원,숲속나라유치원,부산광역시 기장군 정관읍 산막길 46-28,부산광역시 기장군 정관읍 용수리 438,35.33548724,129.1729533,부산광역시 기장군,기장경찰서,N,0,,2023-08-03
어린이집,부산정관산업단지공동직장어린이집,부산광역시 기장군 정관읍 산단로 363,부산광역시 기장군 정관읍 달산리 1036,35.31742069,129.1863713,부산광역시 기장군,기장경찰서,Y,4,,2023-08-03
유치원,내리초등학교 병설유치원,부산광역시 기장군 기장읍 소정안길 50,부산광역시 기장군 기장읍 내리 772,35.2057615,129.2055036,부산광역시 기장군,기장경찰서,N,0,,2023-08-03
어린이집,봄뜰어린이집,부산광역시 기장군 정관읍 정관로 708,부산광역시 기장군 정관읍 달산리 1221-9,35.3211301,129.1902501,부산광역시 기장군,기장경찰서,Y,1,,2023-08-03